date,AAPL Equity - returns,FB Equity - returns,30d_apply,40d_apply,50d_apply,60d_apply,70d_apply,80d_apply,90d_apply,100d_apply
2017-02-24,0.0009521716838789676,0.0005910165484632393,0.47322584639156756,0.4620060090964137,0.5023186695033334,0.5115373065730612,0.5340543691640528,0.5640791429475482,0.5333714171773367,0.5295857806574971
2017-02-27,0.001975706132006514,0.007161842882457168,0.4764134394436685,0.4468880230260312,0.4741976148743043,0.5115481008879843,0.47040872427090236,0.5627249218193372,0.5325189113372955,0.5318147651366235
2017-02-28,0.00043818009201783593,-0.006377831537277359,0.5197862036968067,0.4453349316541266,0.47422220317015756,0.49370455039997174,0.4614448008596419,0.5576313088655238,0.5347885454552571,0.5332225848488951
2017-03-01,0.020439448134900232,0.013870444149328578,0.5567654596548981,0.4403153186279176,0.4938252154424661,0.4838036337570703,0.5273197544528686,0.5681614957141615,0.5487265565136442,0.5403563162685794
2017-03-02,-0.005937477645038874,-0.00480279435307813,0.5663311088100583,0.46668532677523067,0.5010408742964868,0.4906251040806331,0.5399778429806582,0.5525210812641692,0.5498106541843465,0.541732433676281
2017-03-03,0.00590097869890611,0.002997952617724456,0.5615668307869142,0.49443302930044103,0.5081800295676246,0.5365760635791234,0.5396710607006879,0.5631422496673482,0.5619707961145753,0.5420207385873508
2017-03-06,-0.003147803691515222,0.001822555952467741,0.5578186993865685,0.5054234623728994,0.5074382124844653,0.5388021146642713,0.5284806699828658,0.5570525939747736,0.5586480697480236,0.5378065087390477
2017-03-07,0.001291804219893834,-0.0008732353369231272,0.5971230773761684,0.5055006529572557,0.5073176884327631,0.5386108766092247,0.5281255881920308,0.5587623733046315,0.5619663637755344,0.5400540242420183
2017-03-08,-0.0037270642201835593,0.0030589949016750725,0.5942069443536961,0.49710934844396587,0.4891781255687059,0.5322723486017447,0.5206632615395235,0.5547281815942074,0.5587528841233356,0.5391927963878366
2017-03-09,-0.002302158273381246,0.00377577693871631,0.5695361339888481,0.49195545714790573,0.4865259280184666,0.5285732624772682,0.5207408615327037,0.5267205306867174,0.5526063973673228,0.5363200078166838
2017-03-10,0.003316988751081479,0.003978587962962839,0.5895767558543126,0.49853126382428264,0.4855247166712674,0.5176783733498245,0.5204958268242352,0.538781278952811,0.5655906243175323,0.5369511195220852
2017-03-13,0.00043122035360070634,0.00583615534260395,0.5777349343855991,0.5013339130544949,0.4734900421148131,0.49193865659698605,0.520043918027415,0.47948421950932135,0.5638961909481082,0.5357424538746091
2017-03-14,-0.0015086206896550256,-0.002005730659025796,0.5753742515159476,0.5375744977053828,0.47443013448384813,0.49303022947192504,0.5052182567450532,0.4710205509231797,0.5586773967934235,0.5383291131155822
2017-03-15,0.01057630045327001,0.0028710881424060127,0.56755157855494,0.5478558160677149,0.4507728771346015,0.4910063767165083,0.4826778948411553,0.5224897475200491,0.5620176737666757,0.5442917590139976
2017-03-16,0.0016374768617399241,0.0019324363011738494,0.35830233096036757,0.5468674727387508,0.4629358382233521,0.49154865027229494,0.4827910706933613,0.530702580185316,0.545454942045601,0.5441404284360848
2017-03-17,-0.0049754780012793275,-0.0010715051075077197,0.3442894811598608,0.5458511425285562,0.4926660164719768,0.5016508976455858,0.5276413409117232,0.5312941737243986,0.5554464194859027,0.5552528197420912
2017-03-20,0.010500750053575246,0.0007151029748283346,0.3256255905559465,0.5404842383257645,0.4951142182097668,0.49634232698322067,0.5270275827726636,0.5166687732675541,0.5481403733193039,0.5513701464196421
2017-03-21,-0.011452000565530923,-0.010218665142203851,0.39955323083772143,0.595963879673134,0.515779295776237,0.5141499434540578,0.5411157179816799,0.5275799700865828,0.5561201111884183,0.5590285086351658
2017-03-22,0.011298627002288215,0.007797270955165783,0.455461039774452,0.6047693236904113,0.5165762573147662,0.5052501668854522,0.541339715879957,0.5270006183282947,0.5570348427721296,0.5595105797971496
2017-03-23,-0.003535567812190638,-0.0004298302170642759,0.4977901202410675,0.5895903260160815,0.5182207946234436,0.5070104500081594,0.5412809361880759,0.5302207476852295,0.5322600379050919,0.5549273659136282
2017-03-24,-0.0019869429463525486,0.00580520318211139,0.4752665332852935,0.5956753122331995,0.5169524183936655,0.5013273812075771,0.5278599628825003,0.5258728027980735,0.5410574133051004,0.5647582786265284
2017-03-27,0.00170648464163829,-0.00014251104460602987,0.4744144743889816,0.5951051393670517,0.5245386321883371,0.4941192733200596,0.5067926832878161,0.5278357765299488,0.4879165726438101,0.5644279106295027
2017-03-28,0.020726859738784895,0.010262257696693257,0.553459601265043,0.6083939110876877,0.5688095191818309,0.5009974844920978,0.5149544193139055,0.5200170065871373,0.4839821648155424,0.5616281747819855
2017-03-29,0.002225312934631385,0.006278216704289043,0.6029872269025298,0.5985734001682484,0.5759294015576439,0.4837456028023811,0.5134790086194374,0.5025609051642754,0.5319329727456136,0.5650737457903774
2017-03-30,-0.001318345822925324,-0.0016824395373291909,0.6224155747412863,0.46562800938121657,0.5773832345986091,0.4974699442987101,0.5159604370812992,0.5042020915257257,0.5406089993548033,0.5523545238120193
2017-03-31,-0.0018759119016189135,-0.002527912365704552,0.6322746282552344,0.48074575785978146,0.57731363592997,0.5240822455356827,0.5254481841352834,0.5461639060106731,0.5421198423920642,0.562445039972836
2017-04-03,0.00027843519420849255,0.0016191481872579357,0.6413970990875122,0.48209250578500473,0.5783949848115701,0.5330819961228527,0.5260753734566165,0.5498218028761176,0.534273344786974,0.55775967390801
2017-04-04,0.007446068197634111,-0.003865617093056026,0.6060539703074698,0.44090237948778643,0.5960870704238191,0.5220404661125639,0.5174013177096385,0.5422003232010144,0.5284110176914288,0.55535959453429
2017-04-05,-0.005180631346273399,0.0008466803076272105,0.6801238944318908,0.4623469954131026,0.5973335008794126,0.5171867792224745,0.5057824294096721,0.5382760409327965,0.5234448594733143,0.5528543215836192
2017-04-06,-0.002499652825996484,-0.0047937962636588425,0.6742904718788074,0.5059776544326928,0.585357005412248,0.5213464813901015,0.5093446894207632,0.5399925978057845,0.5286152067512815,0.5300395734452821
2017-04-07,-0.0022274815536683363,-0.0027626266203866715,0.6781857104824796,0.5135697979087656,0.6036719668896185,0.5297303906311379,0.5107633024038695,0.5344953483073237,0.5300040777059468,0.5428807237481105
2017-04-10,-0.0011859913492396812,0.0018468532461996796,0.6886348980437366,0.5108428082657492,0.601373208545813,0.5358440887608658,0.5043218520161027,0.5141599212782915,0.5311088905472658,0.49223744845652134
2017-04-11,-0.010756443388978083,-0.007941009642654599,0.738087223605864,0.565692762337603,0.6141699550953472,0.5768357937873146,0.5166208359383593,0.5244032466289995,0.5270045448676627,0.4903245428447549
2017-04-12,0.0012003106686437615,-0.00242995997712961,0.6532369301944049,0.6063209179345946,0.61144834925816,0.5868890203048142,0.5041561221759131,0.5243019723041292,0.5145176487043698,0.5374956864676435
2017-04-13,-0.005289139633286318,-0.0013612265367533038,0.6421584639634798,0.6208457766087436,0.4881959600272496,0.5880199107911752,0.5165605821783867,0.5269818620604196,0.5158432309612095,0.54514089482749
2017-04-17,0.005529953917050699,0.014563455054164584,0.6174908062301102,0.6179840449722391,0.5030124536442703,0.5785609820934347,0.5348992715483047,0.5325522862652914,0.5512291772566483,0.5451995625484632
2017-04-18,-0.004441937530846957,-0.0032527223872152425,0.6320579001302278,0.6314933157900524,0.5117855361551462,0.583750816576818,0.5454470342105366,0.5361592638737616,0.5573310323446219,0.5387683910415796
2017-04-19,-0.003682719546742081,0.0092934165720772,0.5727972762911164,0.599557136576392,0.46542975069717296,0.5876282306730718,0.5273913631921792,0.5247437350789627,0.5454204207379351,0.5292588335953555
2017-04-20,0.012510662496445769,0.01075419976101779,0.6259329144990723,0.6662552999262257,0.5124420073433853,0.5978591712197074,0.5309656221099255,0.5227574455274777,0.5482552002161237,0.5315861875113513
2017-04-21,-0.0011934849761302128,-0.0008344923504868188,0.6380989258882729,0.6614090985636571,0.5358178502043704,0.5829177904724233,0.5329555006615295,0.5241208542869602,0.5482411004078998,0.5351954537130351
2017-04-24,0.009629577563786997,0.012458240534521102,0.6594242759789227,0.6766030775376841,0.5560208853894839,0.5982506739802197,0.5418906521128651,0.52801035954146,0.5468561590337292,0.5391553339155342
2017-04-25,0.006196045669729984,0.00701175500103121,0.6745791748591756,0.6864101498603191,0.5605222135545989,0.5992226997678264,0.5485826084894756,0.5241412715291578,0.5299949269876282,0.5415714741838689
2017-04-26,-0.00588113194492489,0.0004778483172912361,0.6678866420129678,0.6972529846094713,0.5760414978848136,0.5972057788813718,0.5698406743380416,0.5239282030785053,0.5288624128690675,0.5299384855614883
2017-04-27,0.0007655902004453314,0.00777838427947589,0.6680233048623729,0.6395340542614534,0.6079652965675394,0.5883453034350031,0.575001972787923,0.5097677476583626,0.5258993695042232,0.5160295191103955
2017-04-28,-0.000973642116976051,0.017264725795531562,0.5867124228341277,0.5529297308734099,0.5662060169022167,0.460756449550769,0.545697681069651,0.4977444479079505,0.5093417067726796,0.5001855139368662
2017-05-01,0.02039679777236343,0.014708818635607374,0.6352993874183747,0.611722824294159,0.6072291138853811,0.5130662321501281,0.5629023120294775,0.5312634136624182,0.5315470593045286,0.5454906656829865
2017-05-02,0.0063446582071222425,0.0020989111898202357,0.6567755503875146,0.6071909313913282,0.609534885702218,0.5125479932595899,0.5637524947588287,0.5354406410879157,0.5313568823904726,0.5485171191119458
2017-05-03,-0.003050640634533175,-0.006414452153423156,0.6202235115301071,0.6130284074130311,0.6202422780289443,0.5118136885593894,0.5841231048644949,0.5350910043999233,0.5341108902691392,0.5507615073031008
2017-05-04,-0.0036039711682306617,-0.006258234519104196,0.6193395043858736,0.6244169436647238,0.6515453482827652,0.5374384150940444,0.5893565976660088,0.5349165692808934,0.5296403983604686,0.5515366499766544
2017-05-05,0.01658363475056307,-0.004043752071594201,0.5023114114045977,0.5424528002258289,0.5727101856665097,0.4957067390518116,0.5473503779564073,0.5097770674296974,0.5062816051213733,0.5306997393096093
2017-05-08,0.027188506981739947,0.0054579339723109235,0.4816633314887706,0.5153100190686205,0.546546099236257,0.48091459176777557,0.5493075417516916,0.5049917244987321,0.49513178675579206,0.5145522081603141
2017-05-09,0.006404810143128019,-0.0038395339600159704,0.46169608097902537,0.5044777788050423,0.535319532539791,0.4680251655340087,0.5425163390785067,0.5036641194241642,0.4843807156897182,0.4937385576321525
2017-05-10,-0.004740567569322801,-0.0012626262626262476,0.42936146985254564,0.5053457219298784,0.5427415322884876,0.48140561256794684,0.5418236607683706,0.52424772610489,0.4855403114189113,0.49458221339926717
2017-05-11,0.004502153203706106,-0.0016634506620533636,0.42511694079251394,0.5020465866665856,0.4948599962783513,0.49855714943523843,0.5369891831402201,0.530220613286574,0.4725524073745825,0.4930059210619138
2017-05-12,0.013965573238064345,0.0019328179152227438,0.40881610470385066,0.49156414996164427,0.47280537076015844,0.49403509385850086,0.4346249748678508,0.5255884491168641,0.4752614125577393,0.4895192232719326
2017-05-15,-0.0025624599615631373,-0.0009312845074171142,0.4067323512202955,0.4908389254453285,0.47516326314839474,0.49860105449486614,0.4411270994283659,0.524913257925733,0.493815046518118,0.4960698088881543
2017-05-16,-0.0014771997430956313,-0.0027298754910446543,0.41320766064739467,0.5038883576900864,0.4806506401894915,0.5038793658719479,0.4449651958623281,0.5275330034074797,0.5012974753621535,0.4979425838118716
2017-05-17,-0.03357560944233613,-0.032914941914808434,0.6664453817345356,0.6604459981885011,0.6521067431346871,0.649035348917405,0.5911536411704039,0.6261147669789717,0.5835214742256376,0.57267654716429
2017-05-18,0.015241264559068166,0.019399378667587175,0.6913720914628368,0.6730165186248805,0.6742763204824446,0.6847080240495974,0.6171816447867859,0.6353970908168957,0.5905717050215361,0.5770316827768898
2017-05-19,0.00340894191687433,0.002708925910876376,0.6893143935685698,0.6731194869333406,0.6789537206040958,0.6819994350947097,0.6318485094770623,0.626614216019537,0.5910988795864476,0.5771908771721637
2017-05-22,0.006076048608388912,0.0012157233553965069,0.685351654722448,0.6803708185482257,0.677542377037195,0.680493071273471,0.6313522195240133,0.6335533348751825,0.5937126999882747,0.5756977513327179
2017-05-23,-0.0012338463536593137,-0.0011467889908257955,0.6878059909469344,0.6811967622531455,0.6824674685227555,0.6842669791959789,0.63228637905045,0.6340265677105882,0.5985252560487552,0.5733803133076508
2017-05-24,-0.002990897269180806,0.013304518133315317,0.6361829879443437,0.637183097141911,0.6499893518792164,0.6594347608392415,0.6139587766150891,0.6136677805935535,0.5966970274154894,0.5602828692994146
2017-05-25,0.00345637146211035,0.012796587576646335,0.6276735886022593,0.6315459630635906,0.6450807376867731,0.6350389492108011,0.6237726037458603,0.6059081359746286,0.5979275116990871,0.5502085421497406
2017-05-26,-0.0016897380905958985,0.0011187154514345056,0.6250293817697619,0.6300445770919022,0.6447027949667059,0.6303166159662147,0.6274114996776264,0.5730249180474739,0.5975271705287287,0.556728093338419
2017-05-30,0.0003905995703403024,0.0016433313613356997,0.6309209429311,0.6283828762365367,0.6438257768998331,0.6303384135867147,0.628738069021975,0.5821829408381305,0.596309791893618,0.5701852781878743
2017-05-31,-0.005921780438602178,-0.006037537734610759,0.6348368169992739,0.6346873088434836,0.6567418334672357,0.6370366189155814,0.6356872852725497,0.5880819618969167,0.6010659602570159,0.5784292487214839
2017-06-01,0.0027494108405342757,0.00046216822923539667,0.6589832205264792,0.6494411411119789,0.6420869822232841,0.6368725658047858,0.6375137571075452,0.5839264245656495,0.6132514612755998,0.5767709026453558
2017-06-02,0.014819166993079917,0.013726654787830875,0.6650078633226565,0.6666803329385819,0.6515234040654561,0.653870118959449,0.6652734179370674,0.604857058460619,0.6216092340473941,0.5816541179530611
2017-06-05,-0.009778063686072576,0.00013019985678003912,0.6565515078517992,0.6591997778185795,0.6460590239760738,0.6525960857593357,0.658188719095102,0.6127384883992857,0.6102474977549317,0.5805175814714102
2017-06-06,0.00337815890339753,-0.0053374991863567875,0.6421573283269826,0.6486110377082395,0.6447776568590413,0.6453637962165213,0.6514797870301798,0.6080328448176444,0.6130717243657937,0.5797626909661481
2017-06-07,0.005956620265458181,0.0020286630456122132,0.6396686101252027,0.6478840471312765,0.6441016071992797,0.6476579852283791,0.6529084313623361,0.6074715629325586,0.6129253779703976,0.5830356419275011
2017-06-08,-0.002445774602561598,0.010384012539184974,0.6181945504995257,0.6161936397075304,0.6186300695103947,0.6305522441356243,0.641299058348402,0.6006887838225536,0.6012756029524604,0.5868215319834406
2017-06-09,-0.03877669527066275,-0.03302953913774167,0.7418188954470699,0.7271225040979856,0.7195960669554636,0.7217453990182198,0.7127312098563603,0.6986802957584735,0.6654843157822425,0.6557861237083246
2017-06-12,-0.023895824942945378,-0.0077540106951871435,0.7719044412704704,0.7263044312408111,0.7178516798277814,0.721090724608116,0.7111990137522186,0.7024505025859354,0.6556739967742384,0.6585879732728859
2017-06-13,0.008045660844450667,0.015090272163837301,0.7540841581600733,0.7302865975879711,0.719151493066466,0.7215491216564854,0.7120681248565683,0.704117990528295,0.6679341295893949,0.6577846947966572
2017-06-14,-0.009755099256429544,-0.002853729758428503,0.7522391227663885,0.7296728730910107,0.7194885767114412,0.7276318961757208,0.713617080999333,0.7066913839920045,0.6692345888240224,0.6599105906651955
2017-06-15,-0.00599338660788099,-0.0029950083194674785,0.7532842447937542,0.7435549204039213,0.7318851894077607,0.722682826648582,0.7153556644913438,0.70973256089563,0.668062083885144,0.6703251018007762
2017-06-16,-0.01399958417076708,0.005607476635513851,0.7213949863554223,0.7124335738237687,0.7102483469249787,0.698255303573217,0.6968798647675297,0.7014279707719696,0.6567658877417617,0.657171282220037
2017-06-19,0.02860757714205379,0.014803505045140854,0.7730011380802656,0.7237566357812225,0.7204581220683115,0.7088365177584256,0.7093576115807384,0.7104442679056616,0.6762260710584332,0.6604134417910675
2017-06-20,-0.009088424217575594,-0.004055733629881628,0.8015195698013647,0.7220981096988262,0.7223843219800159,0.7140954794470372,0.7109612199845967,0.7123419308838408,0.678903803023111,0.6663604430066747
2017-06-21,0.005930625474105329,0.010903119868637087,0.817972660929323,0.721108104673295,0.7233362239731927,0.715076189751623,0.712693451711852,0.7136352595498859,0.6791928125716494,0.6665266223853672
2017-06-22,-0.0016453006101323719,-0.00331362484568898,0.8160149937388939,0.7221008528601741,0.7181317304827806,0.711349013385309,0.7125089219373268,0.7169762861436785,0.6845317018012606,0.6675845265109438
2017-06-23,0.004463366064684514,0.0108865710560625,0.8230939948559239,0.7237778436802569,0.7191923915476618,0.7110508799837911,0.7137128383629708,0.7072001694315818,0.6943070686830417,0.665678215790975
2017-06-26,-0.003144654088050369,-0.00954407686851093,0.8312560024033491,0.7465038963356997,0.7157204013018861,0.7085747306068015,0.7115839690648385,0.7034935005817149,0.695977955798123,0.6533345973217062
2017-06-27,-0.01433273899327941,-0.019597630054039916,0.8319260960217307,0.7411311455635047,0.7267572966291641,0.7171599950964145,0.7194527417503911,0.7118178722085576,0.7051888212170454,0.6743359105237358
2017-06-28,0.014610728449175697,0.017665028556249147,0.8425988304374014,0.7508665618438003,0.7340078807212403,0.7257462770273213,0.7317602507687812,0.7201306039641548,0.7139445621021757,0.6819749309186646
2017-06-29,-0.014743194130151583,-0.014356564865570458,0.8113865580891063,0.7594872339406258,0.752257316305412,0.7429304455775981,0.7350063432258935,0.7286295018436234,0.723412115299487,0.6888054410630045
2017-06-30,0.0023663697104677295,-0.0003972457627118795,0.794651160106674,0.7590281937583134,0.7473304385580526,0.7430970785221935,0.7322652134247989,0.7298005112581458,0.732008750643235,0.69412671112349
2017-07-03,-0.003610609637550411,-0.01688965425884212,0.7701272338166476,0.7746226503277864,0.737363119854866,0.7337096655629977,0.723571221494154,0.7232582226560411,0.7235428605535811,0.6951919841813652
2017-07-05,0.004111498257839745,0.012868018594623705,0.7743172258973948,0.7962278905514656,0.7312455398912084,0.7316299816387222,0.7242588263048771,0.7207033391544543,0.721320834503559,0.6936169605329546
2017-07-06,-0.00943854535359854,-0.010110416389517162,0.7777334138012831,0.8086499585703383,0.7333070881722699,0.7352794727386343,0.7280492604279827,0.7252544856709828,0.7254443810908473,0.6974135786136392
2017-07-07,0.01015904154697693,0.017605160596694026,0.8034627213881335,0.8125905644155745,0.7378040628458449,0.7348306317695704,0.7288868781351064,0.7273423205997845,0.7298829100007469,0.703993709139953
2017-07-10,0.006103481758912439,0.013602746962493412,0.8072459348908384,0.8179284521057696,0.7396712529412774,0.7360629696750192,0.7292059849384451,0.7290647364706673,0.7230912472172443,0.7129178419475509
2017-07-11,0.0032400386047152824,0.011530944625407233,0.8062405771676192,0.830162827414505,0.7552581944540955,0.7340284624110508,0.7275519102135637,0.7272069166924364,0.7200436981076066,0.7137227029496407
2017-07-12,0.0014430014430014976,0.02337863077220323,0.778598254506706,0.8092696962503376,0.7226655821362428,0.7151885708039383,0.7087006410357151,0.7083473143371998,0.7020322669875739,0.6969911723748626
2017-07-13,0.013928914505283389,0.0022655758338576792,0.7608582885760279,0.7968034326391531,0.7169894655299858,0.7071221697862405,0.7021862445605258,0.7073359415254395,0.6970274810437477,0.693395215227802
2017-07-14,0.008594437301211219,0.004458118799447495,0.7606439299248908,0.7508851574530261,0.7171031311362153,0.7141238948383288,0.7097834543599987,0.702270686276209,0.697324900696643,0.6948404632459138
2017-07-17,0.0034889962426195,-0.0015002813027443214,0.7466646905802351,0.7333505529409262,0.714706753423563,0.7087694860383759,0.7085492630214576,0.6990318787647615,0.6971872746320501,0.7001855550841696
2017-07-18,0.0034768654720514188,0.019595567520190472,0.7408434606397847,0.7254601866067342,0.7311994439945255,0.6997749728362606,0.700597943756355,0.6909588747113002,0.6904411482930504,0.6913709243986088
2017-07-19,0.0062633262260127776,0.007859511236644802,0.7546643832128461,0.7318467569669664,0.7574707575923045,0.6977159259714154,0.7013478421194327,0.6941410143843183,0.6912977595922013,0.6923771440955644
2017-07-20,-0.004502714872202402,0.0023760204703302964,0.7580300615298622,0.7313438825862633,0.7657491446598523,0.695303010496055,0.7002298849833657,0.6932434932081547,0.6907984700342901,0.6916531354300343
2017-07-21,-0.0004656112810961366,-0.0006077918920561255,0.7646389202710688,0.744068698894366,0.7650926387873346,0.6960391208251061,0.69609070386001,0.6924810143271276,0.690644382407731,0.6939005367160073
2017-07-24,0.01211153257469883,0.009548135984917553,0.6759211248814896,0.7474486439365381,0.7712685508577076,0.7003188512891516,0.6994341241030437,0.6951027868858205,0.6954277322624404,0.6904221086812965
2017-07-25,0.004273785258728422,-0.004337349397590355,0.6580857015553,0.737608004173428,0.775500706712823,0.7106054279122914,0.693908140124015,0.6903931056842979,0.6913084949444167,0.6848189213287177
2017-07-26,0.004713892889878217,0.00199661181026145,0.648613488560301,0.7359788872824875,0.7738560771303231,0.70204645541016,0.6940042995551323,0.689552961812492,0.6905599704261413,0.6846854646903809
2017-07-27,-0.01889743255571488,0.029164905500875454,0.40113615480647624,0.5821513354978035,0.6539699870069686,0.5899322885791156,0.5907876252879689,0.5917405384980299,0.6011420577481666,0.592886680652293
2017-07-28,-0.007040382571732215,0.011793006336540665,0.36753581529229623,0.5689469214686081,0.5731643145235276,0.5754202573762618,0.583512311474783,0.5869309662498163,0.5828014015643765,0.5815145437622398
2017-07-31,-0.0051505016722408715,-0.01855610321832409,0.4049451163818467,0.5522080272594342,0.5519199345142333,0.572276375810237,0.5779261525957358,0.5850162215224082,0.5794851678266699,0.5808821198179875
2017-08-01,0.008875142876353269,0.00360413589364853,0.37488830404357865,0.5497972321416098,0.5497423358692416,0.5935076689042112,0.576592898822934,0.5834940554684712,0.5782250735977054,0.5810125135309221
2017-08-02,0.04725091636121276,-0.0032968326857412116,0.17727484316629874,0.42821999855347276,0.4308603033840393,0.5086422611193163,0.4887780944760301,0.5010914079873021,0.5028244998689468,0.5072635871123964
2017-08-03,-0.00999109074710445,-0.00419373892498528,0.1899000858092511,0.43494157897749836,0.43573613710504727,0.5174483138082308,0.49076673322874115,0.5041467815722256,0.5058564600898644,0.5105182386096444
2017-08-04,0.005270939127081013,0.006109496411412309,0.18668395511405514,0.4417455002719017,0.44577592357848517,0.5176839573733552,0.491600010930938,0.49910283607346484,0.5017169088619923,0.5108249413857415
2017-08-07,0.015474135174883408,0.013913453602169468,0.20920049514092562,0.31855706335961587,0.45772456627307956,0.5290928405816563,0.5008428541530862,0.5070014569041957,0.5093587688912481,0.5189794679715923
2017-08-08,0.00799697752030735,-0.0043609722060704735,0.18451305893955117,0.27518238390063693,0.44810904390767287,0.526256246094525,0.5049283118446973,0.4995497674288613,0.5030022919494405,0.513359327578373
2017-08-09,0.006121939030484694,-0.0002920049056823159,0.09485042444307508,0.2642396825663967,0.4453124272903271,0.5232238125380749,0.49179176976395184,0.4974310973632636,0.5007463015253737,0.5111506326101771
2017-08-10,-0.03563889233825909,-0.0220820189274448,0.24974147099145477,0.3654104537580037,0.4975936337638564,0.5614373685051552,0.5304914774235769,0.5332899769107241,0.5356078461679801,0.5465193824591982
2017-08-11,0.01390677311357196,0.0040621266427718445,0.1982437620178412,0.3592923523749799,0.4966313744484132,0.5019212690656267,0.5290409384061473,0.5369822246792679,0.5392642816920271,0.5399279977826424
2017-08-14,0.015049530099060227,0.015885292717753376,0.22151625024994778,0.38916736898800386,0.49856913653754376,0.49951518592767824,0.5360208096037274,0.5405145998557283,0.5466539629253134,0.5449356276932453
2017-08-15,0.010947763528307789,0.0014641288433382138,0.19409584543160965,0.3591025124170598,0.49555499445173634,0.4960139682716524,0.5478159854220713,0.5378157064830608,0.5436105629444489,0.5423532822989113
2017-08-16,-0.004022277227722808,-0.005847953216374269,0.20987316108587437,0.356985262300969,0.5015736562923597,0.49915575360377834,0.5561014801965191,0.5363520596775104,0.5443692561512696,0.5452623037923758
2017-08-17,-0.019198508853681115,-0.018176470588235315,0.2626092003446685,0.3997425095623197,0.5241274926864559,0.5200192189316942,0.5761185051284606,0.5510255557299197,0.5591830782800881,0.5596634050232084
2017-08-18,-0.002280501710376369,0.0029956263854772035,0.24981776224356872,0.3968185532882344,0.5289743948765062,0.528023005477572,0.5750694663585729,0.5506907811105806,0.5544864074584978,0.5552846279486566
2017-08-21,-0.0018412698412697908,0.002210142763275817,0.24696730981492743,0.3956351244191207,0.44279723198963766,0.5284021595919458,0.5767349445614794,0.5515567076103202,0.5547606145209961,0.5551072533909854
2017-08-22,0.016347560587748826,0.011085945881511416,0.2658669152912178,0.4025328210103525,0.43683892862275897,0.5349978466637376,0.5856923275631135,0.5659258134845753,0.5582888780650257,0.5593502896531309
2017-08-23,0.0012517211165351649,-0.005482197594906734,0.291790666426349,0.3659118816506484,0.43113822216833625,0.5328880959492904,0.5833338730517746,0.5556912468860036,0.5571268911203922,0.5576212289234471
2017-08-24,-0.004438054756844478,-0.005749510995198855,0.3026698041267278,0.35299338346687764,0.43113559566817233,0.5320875881506214,0.5843132910960107,0.557231785726848,0.5574680510848341,0.5588821497280252
2017-08-25,0.0037044013310730418,-0.008465482294026563,0.29309436767730174,0.31340092192040186,0.42177466670952773,0.5259179550815681,0.5289716011880884,0.5517194867994326,0.5577339537329911,0.5584467582176691
2017-08-28,0.010071312398348463,0.005531505531505628,0.2987003445546997,0.31565359997747744,0.43872734673251956,0.5186533970932508,0.5186579634264219,0.5517447121728819,0.5550436400901332,0.5595753344826104
2017-08-29,0.00891806527528332,0.004843338914135388,0.3141208616972018,0.3063462735395024,0.41711607438239295,0.5207932633294508,0.5192729859359764,0.5650827680670197,0.5552985680168661,0.5594556998165872
2017-08-30,0.0027008777852802024,0.011127640583159631,0.3063217306489602,0.305005789893303,0.4096440449742304,0.5230379898305436,0.5193411784360841,0.5701446910079072,0.5512200627303788,0.5578054306256286
2017-08-31,0.003979185797367651,0.012064500941619654,0.3068734333650202,0.28086412367140234,0.4070467085864989,0.5233274084727026,0.5189564823588494,0.5738477924428637,0.5496808913938793,0.5573352554160667
2017-09-01,0.00030487804878055714,0.0002907483863465219,0.3062166230745588,0.2712025379908971,0.40551070343059226,0.5289682150966616,0.5275573548653526,0.5733540558467823,0.5500438644796861,0.5532533389288029
2017-09-05,-0.012008533983541595,-0.007557260783629876,0.31387324896285484,0.29068772892172196,0.4167766175264354,0.4555191219431899,0.5341691574593981,0.579210148045492,0.5555570750543428,0.5579231855776523
2017-09-06,-0.0010488647581442245,0.008024835988753542,0.31080205195060573,0.28732908976684185,0.40881147087378467,0.4396508758343898,0.5317264559016592,0.5809183075760379,0.5623680700391386,0.5552326115080336
2017-09-07,-0.004014575999011832,0.006508222441745625,0.30209131523458077,0.3011514060865215,0.3712229321198986,0.4310878809809721,0.5282955291866398,0.5777123819394419,0.550449877935149,0.5524984777937004
2017-09-08,-0.016309066104427606,-0.013047745511229255,0.5411020397237247,0.3412045720851694,0.3809108276520703,0.44723551755527907,0.5377027282693633,0.5864124771502162,0.5596164104972582,0.5603833556668987
2017-09-11,0.0180924163146946,0.014975138929511567,0.607368320006234,0.3651113991928674,0.37271132674963453,0.4583193584294686,0.5480413585308264,0.5499614415752059,0.566891556844107,0.5717662656157682
2017-09-12,-0.003962848297213538,-0.003169846118379246,0.6166494603802348,0.37033890864618496,0.37668166628692784,0.47379974216478554,0.5417235125632961,0.5411512273056088,0.5667976852169687,0.5695523252065698
2017-09-13,-0.007522068879771278,0.0005203515263644971,0.6104888618108656,0.3788051273469531,0.37355687255440295,0.45529963861373135,0.5420578435731805,0.5407375353740563,0.5786100056083682,0.5687670735054915
2017-09-14,-0.00858127153147513,-0.012077434267552749,0.8166471976981204,0.38957917998091834,0.3882843382568054,0.46056697605173547,0.5502105710813484,0.5462168642420783,0.588689499665822,0.569752380916099
2017-09-15,0.010108668182966858,0.003977538605521633,0.8153509178640116,0.39422586019379974,0.37389017306250155,0.4586520188287592,0.5505308364361794,0.5457204501385069,0.5924828319588337,0.5687967653637359
2017-09-18,-0.007568176132099124,-0.009496620834304333,0.8176767598574028,0.4038629701460043,0.3755460401139486,0.46454398162570776,0.558830404214895,0.5567914378046835,0.5946205062026234,0.5719031346759629
2017-09-19,0.00037814331631689846,0.014763837421328271,0.7745412567014126,0.382558405621241,0.3644577376113709,0.4568749264551211,0.486700565333589,0.5524676119526861,0.5916682557464509,0.5681878467016127
2017-09-20,-0.016758016758016737,-0.002028750289821602,0.7797488656095273,0.3883197667181415,0.36874461218479043,0.454687127050985,0.47737580044028727,0.5512634337897249,0.5936755642663608,0.5748795552821773
2017-09-21,-0.017171781892740483,-0.006156705581692362,0.7856159649563665,0.3995937870620291,0.39826720242046115,0.4412931451911137,0.47997154395692837,0.555028303622521,0.5960777164334792,0.5695695756857027
2017-09-22,-0.009778994719342852,-0.003331190462275855,0.7313353024756013,0.5649526941214432,0.40529589303501684,0.4297017400535605,0.4803825933059071,0.5549031662125244,0.5972146068551455,0.5708234014280695
2017-09-25,-0.008822173941668149,-0.04497478597396498,0.6296830611339078,0.5383695355116638,0.3920462505890936,0.4059622467395004,0.4660680197773749,0.5341516692324226,0.5383755129941576,0.5524958579357951
2017-09-26,0.017203586848223013,0.00822742064223002,0.6071055417239979,0.5494866412392754,0.4017445899982695,0.4118262240264675,0.48167631227243674,0.5298433790904591,0.5310550236237762,0.554201818929071
2017-09-27,0.007117670105785579,0.021131477985506356,0.6251232892151521,0.5438155176646641,0.409477295925362,0.4138163482717272,0.46944683171101215,0.5325703471995659,0.5323427359611922,0.5648686209901054
2017-09-28,-0.006159631718861368,0.006261927480915928,0.6106730883487056,0.6631535461437169,0.3995122199044728,0.4079512523364713,0.4619794212328213,0.5316756273733287,0.5296418317367346,0.5672811857589573
2017-09-29,0.005480167014613801,0.012682984650032685,0.5823811499778925,0.6644273088968214,0.40438267075613676,0.4011699578854356,0.46167945735197397,0.5336296404183323,0.5310129816900198,0.5717771433478108
2017-10-02,-0.0020114196729821066,-0.008193363375665744,0.5819085405999407,0.6608731216204011,0.4048560887997202,0.39375033348650457,0.4616368848686618,0.5367081682130423,0.5363512781879637,0.5709956498929053
2017-10-03,0.004356023665561325,0.0028913672036349155,0.5832310404835056,0.6477826242909326,0.39757342010226204,0.39081721007538733,0.4606722645334305,0.48217826214487014,0.5364906970510912,0.5724784055606292
2017-10-04,-0.006473329880890731,-0.009060955518945753,0.5748751537250567,0.6633094395732622,0.4058109069892194,0.3961408860314323,0.4632846197014215,0.47959286651785266,0.5385980185377821,0.5771992399618119
2017-10-05,0.012444618191295262,0.016743854649091686,0.6081483082815854,0.6800419131763727,0.4196791183304042,0.4188903316596615,0.45537366471821855,0.4838097628047181,0.5449289279596509,0.58229072414721
2017-10-06,-0.0005791878499258318,0.005781359495444876,0.6045062200277548,0.6426761662030664,0.528598634502314,0.42008217924820657,0.4422389061268995,0.4814371588349127,0.5427288407120965,0.5816830695149835
2017-10-09,0.0034771410173856537,0.0015676711374325626,0.6237456233434575,0.6493683013555296,0.5487394222175306,0.41881294560567384,0.4267706391352446,0.4797838721118794,0.5428788165677961,0.5460387995106277
2017-10-10,0.00038501026694046634,-0.00527536231884056,0.6200784042298462,0.6274730127124047,0.5480544059549352,0.4192946764054618,0.4266846867181842,0.48989711928212004,0.5356520922369493,0.5363988708438555
2017-10-11,0.0041693393200770085,0.006702022262369635,0.6256070433272695,0.6394782327513242,0.5478410603457773,0.42360213372392763,0.4261269413311978,0.47837922456229215,0.537467010696777,0.5370007901718101
2017-10-12,-0.00351325455126165,-0.001099918953340267,0.6227684835595279,0.6381045604328047,0.6752379264436336,0.42148057272819,0.4265186894406366,0.476584200503641,0.5405369510494009,0.5381582243403588
2017-10-13,0.006346153846153904,0.006896551724137917,0.6213462339322678,0.6100530201678437,0.6766769309724817,0.4254768426222944,0.41974052599454875,0.4760488021681047,0.5421304767309827,0.5391367181188398
2017-10-16,0.018408815848143106,0.004489467019684592,0.5995165668096242,0.5955167692721421,0.6668962900796601,0.42491172425567386,0.4098148195465563,0.47289216826120434,0.5432334162900009,0.542317193698878
2017-10-17,0.003690267700775603,0.009110703644281477,0.5944098185262714,0.598166461462448,0.6561637859909445,0.41913113118791645,0.4079425583920036,0.4725419924519127,0.49147530841498593,0.5430348945673362
2017-10-18,-0.0044245030223718325,-0.0004542615410823491,0.5989850861572229,0.5875641379298979,0.6671035534201263,0.4226518272984394,0.40890760847599505,0.4713863382094351,0.4860969229682969,0.5432326906319589
2017-10-19,-0.023660490736104163,-0.008350849287053336,0.605903377463486,0.5929545435468455,0.6693305097496606,0.43330172174014325,0.43133196849473815,0.4631732908820372,0.48952454424842706,0.5473964705608427
2017-10-20,0.0017309911527119519,0.002406049495875272,0.5845387931997682,0.5909139358467033,0.6317401475419386,0.5362036165496962,0.433895493675414,0.4520717537105667,0.4881508188991177,0.5459837058079344
2017-10-23,-0.00051200000000008,-0.02120242313407235,0.5233953044695183,0.5786900706696779,0.6134939327646988,0.540421096576696,0.4234555879136027,0.4305602375224789,0.4788151953173637,0.53731307843583
2017-10-24,0.005955048985080405,0.003094529106089806,0.5236092539502898,0.5771946498127639,0.5963987953842591,0.5412898983438015,0.42498251287586647,0.4310603478713711,0.48902626558026197,0.5314398341879221
2017-10-25,-0.004392106938255874,-0.0069848661233994,0.5329226876251769,0.5784808156272213,0.6040908241672546,0.5422155583516076,0.43035863239696465,0.43260308819615995,0.47897688338225775,0.5335585606016595
2017-10-26,0.006393453104021482,0.00017584994138335953,0.5157986885382903,0.5722174268627226,0.599539389412073,0.6469852472377837,0.42687282739309523,0.43074532892486395,0.47579569819251,0.534864119051806
2017-10-27,0.035829998094149135,0.04248959737443592,0.6642195970246314,0.6827048536169322,0.6716553902443809,0.7080796029598319,0.5056013550688346,0.49305863364140906,0.5323394250733349,0.5782008325467679
2017-10-30,0.022508432996013416,0.011187317292556832,0.6563115932084003,0.6823289728601165,0.673421516401444,0.7087965830591443,0.5123507914036567,0.4935681000390741,0.535863592820155,0.5845732195313881
2017-10-31,0.013915547024951975,0.0010563184522154763,0.6570640101749281,0.6664334550135482,0.6645104024366505,0.6956951389277093,0.5047824235849643,0.48843235767833715,0.5317898174921436,0.5410668927087654
2017-11-01,-0.012718883104590665,0.014439631234033069,0.6078873612381233,0.6231467825864513,0.6145979231516798,0.6672400132106339,0.48175194416113787,0.4661301643525688,0.5095998334764492,0.5185302359968033
2017-11-02,0.007310204326203052,-0.020475199824811174,0.5629658410983863,0.5861987448606613,0.5760537357484641,0.6350834135593136,0.458901173950601,0.4550900580657317,0.47720992387894207,0.4975696739691891
2017-11-03,0.02611385402415077,0,0.5216820725360057,0.5368890457308192,0.5413262881901517,0.5784650625049987,0.5242133017474223,0.4430160049355578,0.4549347348158581,0.48318927605946144
2017-11-06,0.010144927536231883,0.0069863626201654375,0.5074238619401882,0.5243772869819538,0.5500603228028003,0.5822316668265707,0.5408416901817221,0.4443034021541673,0.4449614600597436,0.4833157383196828
2017-11-07,0.0032137733142037434,0.0004440250874175085,0.5042919400882175,0.5224917327930829,0.5485943987271917,0.571658792349853,0.538849408249224,0.4447392760837859,0.4449076312160289,0.49177871392115546
2017-11-08,0.008180310050912458,-0.0038280166435506117,0.5037460829161491,0.5191941691791516,0.5401859410795726,0.5680463835229093,0.5343882751671168,0.44516299246711005,0.43905667417785393,0.4789323507309369
2017-11-09,-0.002042669087607885,-0.001447983960792999,0.5262508877377994,0.5082865686509395,0.5426308025267804,0.5664142380396974,0.6090506732400506,0.4444673040921771,0.4402882238875666,0.4775367226438384
2017-11-10,-0.006879690698203366,-0.004684885666480777,0.5387399417127973,0.5113617550772952,0.5458592357010974,0.5463173058857451,0.6096890340869829,0.44822703484332205,0.43661253931689714,0.47855813643631917
2017-11-13,-0.00400755710768872,0.001737083940378809,0.5275756398161985,0.5004080286339998,0.5439792343707401,0.5462958625787041,0.6074278450983716,0.4470800181404514,0.4315907162526141,0.47728239981037657
2017-11-14,-0.01511754900270159,-0.003915645801868418,0.5293579851902462,0.5110946185954679,0.5373011581468788,0.5466907138371065,0.5984439610690239,0.444501345754678,0.4328467895727996,0.47820964674723987
2017-11-15,-0.013190148243258964,-0.0006738922895490793,0.5100653445642633,0.5117811005457896,0.536275178874606,0.534002042854603,0.599944422619253,0.44469967917701336,0.4324891930579503,0.4754368706323159
2017-11-16,0.011947007333806374,0.009216071930317588,0.5043640765021126,0.5143765051197117,0.5479304695406604,0.5404901542246107,0.6050453714494547,0.448579950125514,0.44542863700127683,0.4658634322190976
2017-11-17,-0.0055523085914669125,-0.0032852608719862097,0.5151166377818176,0.5154016599341227,0.5345132176219342,0.5397610080494977,0.5748144636271707,0.5251569130193597,0.4485072545552146,0.4593791728485432
2017-11-20,-0.0009991184249192825,-0.001452513966480396,0.5164009856323003,0.522104711069702,0.5192207865907491,0.5466701684913454,0.5763558448878153,0.5387766959100543,0.4480789107569121,0.4491305854483156
2017-11-21,0.018590422402635587,0.017455521987244066,0.5428572046327661,0.540067388708683,0.5370916016729662,0.5612272502900466,0.5801584926443778,0.5490954883304092,0.4605814975476732,0.459799511844946
2017-11-22,0.01051172461591788,-0.005443747937974316,0.5260134242030222,0.528314348495626,0.5273371957723842,0.5478510231220741,0.5718345729698723,0.5412870695017675,0.4576784421138474,0.45190256047224875
2017-11-24,0.000057155921353400235,0.010560070769060632,0.5106817147960763,0.5317627172057506,0.512262424965522,0.5450662289766515,0.5659735713766241,0.6059169233155479,0.45350027725963943,0.44977551909170393
2017-11-27,-0.005029433617191492,0.0013677645256592625,0.5066533869494599,0.5312899205034476,0.510220529984963,0.5438663963164727,0.544056704368508,0.6033037158579145,0.45390390350250215,0.44363243408209563
2017-11-28,-0.005859038428399163,-0.003332786974812947,0.5141268363492849,0.5320330117451549,0.5052321144023538,0.5453241939820385,0.5468992061256067,0.603591463406467,0.4551113075495238,0.4410176602435751
2017-11-29,-0.020743051944300015,-0.039962723385593646,0.5841453194333972,0.5928773250643427,0.5621486021263226,0.5769099118259333,0.5824999475634519,0.6187928068475321,0.4808612385088455,0.4702973425576291
2017-11-30,0.013983950908661816,0.01170559013304409,0.5963490767133314,0.5947939047214514,0.5775656679734006,0.5868518055056274,0.5826342666034645,0.6285486987620512,0.48775657154009866,0.4755104790349995
2017-12-01,-0.004655222577829404,-0.011739473981262063,0.6053044787857013,0.5909238226973229,0.5822569953969619,0.5944199050315058,0.5858822443492409,0.6307496577672673,0.48964516904139305,0.4864536101398356
2017-12-04,-0.007307804735457468,-0.020731010850942293,0.6177495703965588,0.6034382631886487,0.591292145223309,0.589295270173571,0.5881153136941866,0.6120825671669032,0.5593451281601323,0.491871385065976
2017-12-05,-0.0009422850412251178,0.00793141657432795,0.6185674527060219,0.5957329177420578,0.5952302942108696,0.5743711603216906,0.5900439095589232,0.6102148285607157,0.5682945727032774,0.4890704387905941
2017-12-06,-0.0037137467578401057,0.018688885031533816,0.5768534094946289,0.5619607564533314,0.5645681996016476,0.5540143248668868,0.5715790609069927,0.5851525612534645,0.5525502327169428,0.47787189894192433
2017-12-07,0.0018342109934323548,0.023173917982505874,0.5473168201810236,0.5410828283962152,0.5477432900309788,0.545603547785511,0.5614167718715886,0.5778251389226888,0.5423320187534874,0.4736910195937813
2017-12-08,0.00029529884242860484,-0.006328411235705487,0.5496537509674534,0.5406639313463344,0.5569744743127277,0.5387005668364553,0.5608395458630238,0.575740213088346,0.6043605117083977,0.47212206285017366
2017-12-11,0.019483970006494555,0.00022346368715079354,0.37959853190696086,0.5239891267008704,0.5412584343844785,0.525834897204621,0.5482375148021733,0.5490343308552309,0.5942953319095826,0.46711202565202403
2017-12-12,-0.0056176521688770424,-0.011617515638963271,0.36188902189853944,0.5329699176442376,0.5453128241945439,0.5251565499940426,0.5511169287282107,0.5532358770024769,0.5957134817990449,0.4697009971920712
2017-12-13,0.003319743739079916,0.0075723327305605975,0.3685092876170491,0.5330813073703782,0.5444954459191559,0.5317570667299063,0.5478977121753726,0.5541366556438514,0.5896346455320615,0.4665427783299702
2017-12-14,-0.00029024206187967355,0.0005047672462141054,0.4412065804377659,0.5338358131646306,0.5386225931638317,0.5382494669015052,0.5507202577959444,0.5486750019970442,0.594134211990339,0.4681146854626301
2017-12-15,0.01016142143769597,0.010034194741857842,0.5124707788727699,0.5379795818799555,0.5334575082531474,0.541909759231384,0.5590458276884223,0.5532160778753112,0.5980247526660806,0.47094482726352904
2017-12-18,0.014082887854227675,0.003552003552003476,0.5676177601400687,0.5366567018254543,0.5349690981414186,0.5399823709988585,0.5474368116374262,0.5496598774066187,0.5744932230183604,0.5305539329689928
2017-12-19,-0.010656388164607162,-0.007244773808207069,0.5688448211937376,0.5501733828282593,0.5407443682597305,0.5466538718670358,0.5406630974470268,0.5575152417310676,0.5785398806708716,0.5437634387281036
2017-12-20,-0.0010885756846567992,-0.009024566876497157,0.5668952113215082,0.5512902797261989,0.5413696480071228,0.5446522375056653,0.5397896091488671,0.5561679134227041,0.5704204544117125,0.542507179547003
2017-12-21,0.003785488958990517,-0.002473438641857315,0.578919050671874,0.5460118030083609,0.540098384252599,0.5441848645389576,0.5411863090274488,0.554084298066831,0.5712477237369578,0.5413979547474522
2017-12-22,0,-0.0014088475626937167,0.5786326477407256,0.547681349850249,0.540490461071672,0.5540854184937664,0.5353644736993526,0.5549808557572756,0.5701284346455201,0.5991985058356747
2017-12-26,-0.02536997885835094,-0.006828442437923136,0.5591926052941971,0.41767386725594347,0.5352948192867842,0.5500525768305583,0.5315345765253933,0.5517160619862888,0.5528921720525898,0.5955895187428865
2017-12-27,0.00017588087002404372,0.009261889880106799,0.5584274977143435,0.3880368815863992,0.5327105528528929,0.5446964523598338,0.5249377473803768,0.5496371139478516,0.5517497255384323,0.5927558520502092
2017-12-28,0.0028135990621337525,0.001688998986600512,0.5638381729321793,0.3927952058922071,0.532915682720928,0.5444546111813958,0.5307686181641771,0.5462776359376347,0.5524132242704128,0.5868844033894413
2017-12-29,-0.01081365443067584,-0.008205935251798446,0.5867285558621307,0.46135817377211136,0.539423691934426,0.5458335914109813,0.5405277146028906,0.5525763539824742,0.550703452835755,0.5939639742561126
2018-01-02,0.017904626839212914,0.02810835316785662,0.6258860585124847,0.5574608996293788,0.561055485302416,0.5580480338022354,0.5585879536818031,0.5733572684601138,0.5679863900558415,0.6070312472011049
2018-01-03,-0.0001741553465691463,0.017914232168448903,0.6051681702196097,0.5875415687676032,0.5468436100456675,0.54737085588636,0.5484556478934404,0.5567459547073744,0.5591845428079435,0.5801117511206368
2018-01-04,0.004644951518318594,-0.0018411220014077816,0.599821800151445,0.5792366903080285,0.5542905987722033,0.5458003124864416,0.5526038959072821,0.546383336805186,0.5620423291830036,0.5801239986614312
2018-01-05,0.011385308905970056,0.013671133293549513,0.586934279932308,0.5929414124640231,0.560624766203594,0.5521318549942927,0.5562173692106777,0.5509386317823564,0.5660847037824873,0.5775888626733352
2018-01-08,-0.0037142857142857468,0.00765319775220769,0.6074965238407101,0.5995896170371954,0.5501773665417525,0.5454199575282015,0.5507229775458895,0.5482055662087753,0.5619151070868611,0.5759866138559541
2018-01-09,-0.00011471178663597253,-0.002177607818143173,0.6115656873340585,0.5985254983895716,0.5525288110364399,0.5452984500928564,0.5579032459368906,0.5430897278641148,0.5624421104633077,0.574928891624743
2018-01-10,-0.00022944989387954144,-0.0001596848884867256,0.6147701467678307,0.5953079998492912,0.4517452912250057,0.544163415107129,0.5575475425248538,0.5433775689146602,0.5622985489717423,0.5619130529190485
2018-01-11,0.005680188192093689,-0.00037265758091989555,0.6078922049964175,0.5924923477066808,0.4357287881926501,0.5465543307481159,0.5551352313050074,0.5381392568375198,0.5610169036809144,0.5615559195449611
2018-01-12,0.010326335006846201,-0.0447355807637003,0.2779192122355641,0.4244595571492292,0.3190461430272235,0.44773293649468676,0.4610516716715458,0.46622577347816824,0.48345983127454034,0.4913360450607596
2018-01-16,-0.005082161612739317,-0.005463566928694978,0.25869422334086706,0.43712043466559763,0.3634876852942525,0.4505459336994245,0.4587879757106829,0.4723625098804997,0.4870866141065209,0.48766551641934197
2018-01-17,0.016516260854759046,-0.004428499355344986,0.21198921477969032,0.40095052057395425,0.37428763668580184,0.4327837778091432,0.4357527280335068,0.45897410810220124,0.4791133799010762,0.4769060521543258
2018-01-18,0.000893355667224995,0.012387387387387485,0.16458103813548186,0.39483550738722695,0.39529262866285797,0.42825228788006,0.43374517784062594,0.45529239275928857,0.4676536670650867,0.473186570402024
2018-01-19,-0.0044627914760681855,0.008286985539488213,0.15667804404974434,0.3827487738557007,0.3801678012117146,0.422760629776777,0.4265108761438742,0.4410271522928438,0.45275721700814703,0.471711903999564
2018-01-22,-0.008181105009525989,0.02250537812344869,0.12164242591774015,0.29731085111228517,0.33655960183603545,0.386606983584431,0.3937972861968431,0.40777949959866117,0.42725307973241505,0.44771383455822794
2018-01-23,0.00022598870056492678,0.021470572368775906,0.11361499390038785,0.3057991765396276,0.33727414313636805,0.37214504164092643,0.3833656663129807,0.39549537752194175,0.42142086198914114,0.4405377446601654
2018-01-24,-0.015928603705377277,-0.014787430683918579,0.17527961519036295,0.33694165685242716,0.36103001860398465,0.39231630151727964,0.39915541545427236,0.41613937434037646,0.4273879013544276,0.4509271615962574
2018-01-25,-0.017850992997359576,0.004985258643795113,0.16662134912861734,0.3117591564242705,0.3358679935232921,0.2689369363893994,0.3821992304378573,0.39931383065544146,0.4142057418742109,0.4380364928094448
2018-01-26,0.0023376775173863436,0.013441433752933702,0.1560815176690199,0.3118073418809262,0.338401068623416,0.25295828137224013,0.3825154802808941,0.3968184223868336,0.40960396368762225,0.4376163699892608
2018-01-29,-0.020698501545099314,-0.02115789473684216,0.24332679549579397,0.26482515838468246,0.376799325618365,0.29682567196435766,0.4082900785286828,0.4221867661528024,0.43297477389481065,0.45202863103191626
2018-01-30,-0.005894260538223441,0.006129691364662947,0.23692950372738772,0.24038548640460525,0.3742057208271918,0.3194437009986541,0.4037652824360091,0.4139411672135498,0.4315029101267602,0.4500784263238214
2018-01-31,0.0027549859256154278,-0.001229157759726476,0.21745234194423163,0.23122412639935389,0.36533050119378235,0.346033002472662,0.39684142303812087,0.40440265310958234,0.4285476283123433,0.4520550221250989
2018-02-01,0.002090425849608758,0.03317459468136346,0.22777469648751936,0.21067909629811274,0.35615592695413617,0.3616905514109588,0.38516191365182295,0.39375334587016747,0.41723322660574147,0.43420508457425827
2018-02-02,-0.043390153772797715,-0.014552799212802331,0.28819412865590194,0.2799463002115551,0.37974125392936536,0.3809463893331307,0.4074370650949962,0.4101988896681893,0.425543587109991,0.4349241901425274
2018-02-05,-0.024984423676012404,-0.04740382594071899,0.39836915023993846,0.38815763582536494,0.4286511609542437,0.44374150884902436,0.45658270369053167,0.45622741176661474,0.4664155553653411,0.4707096048368942
2018-02-06,0.041791807783244886,0.022343594836147035,0.4482308299062484,0.4354877514379022,0.47126858818980566,0.4790085801103524,0.478083402313387,0.47785212275864125,0.4839328594004293,0.48924600479587993
2018-02-07,-0.021407102987180328,-0.027683341427877584,0.48265719787253053,0.47084290273791135,0.49732831772782615,0.502618741340089,0.5004415022663649,0.4976066604004446,0.5065762438753073,0.502908708588443
2018-02-08,-0.02751661025448155,-0.047730047730047694,0.5402026819810956,0.5371905118703824,0.5428233496160279,0.5431138966494241,0.489910457098447,0.531094519504268,0.5389431106249233,0.5330041176996417
2018-02-09,0.00812117305833059,0.026401678517309714,0.550001864192979,0.5449936666689368,0.5493397658670925,0.5492498053082447,0.48911808371230986,0.5350520055617581,0.5405754834312854,0.5334908567775503
2018-02-12,0.04027875455533541,0.001703480779058446,0.5004803268108415,0.5008708255725525,0.48724834506908965,0.515712496969606,0.46609213927232096,0.5107189830485319,0.5170793389411099,0.5138259393451616
2018-02-13,0.0100178231208899,-0.01847967802278777,0.46972038846359765,0.47529328207972177,0.4582169520174588,0.498512117685759,0.4654552670541843,0.4959065440596843,0.5007706959304468,0.5028378190272987
2018-02-14,0.018437385907265433,0.03678891134854175,0.4755748202703882,0.49690726658974055,0.48153474799295126,0.5150120108156886,0.4994674617821188,0.508912192318502,0.509241744551753,0.5146614462105106
2018-02-15,0.03357829957579019,0.00245098039215685,0.46187980456010835,0.47855844485168986,0.45926166445194383,0.49748031044634217,0.49645749384527976,0.4963813934134336,0.4979578317021761,0.5026998182906335
2018-02-16,-0.0032371813399618603,-0.014447655034452068,0.4632382444250504,0.47578772705015887,0.46111955138606747,0.4976881899947183,0.49466150511415574,0.500293931668945,0.49850567972548726,0.5042001647033375
2018-02-20,-0.0033636838137215824,-0.007611637347767381,0.45624604536786706,0.4771362632777904,0.4723691334066173,0.48848858147163016,0.4953057172606715,0.5009398778142913,0.4994392843127962,0.5035166384008072
2018-02-21,-0.004538842013383772,0.010794841202204452,0.45327708640734365,0.4728935747108428,0.4719553371953314,0.48944862268769596,0.49399008751152756,0.4952454216213427,0.49463475170868154,0.4984144332787993
2018-02-22,0.008359151224644923,0.006070485076724257,0.4561745830834775,0.47463548874949396,0.47415106436069204,0.4922012764347052,0.4952437902689601,0.49665699134161584,0.49550605873480247,0.5022186666136521
2018-02-23,0.017391304347826087,0.02402368847421634,0.47458962313759334,0.48984080637916866,0.4955584317097162,0.5058404686486581,0.5062376609908867,0.4676074198963376,0.5034892638199062,0.5100038228418696
2018-02-26,0.019772079772079766,0.008947569425500655,0.4798485300926481,0.4936274643133694,0.4957682397347481,0.5076171667896792,0.5088537329243666,0.4658319269522887,0.5064065141643888,0.5112170994377554
2018-02-27,-0.0032407666089289407,-0.01876385659438706,0.5536149200871375,0.4937351158419481,0.49497497003297763,0.4831089275832877,0.5087423021643743,0.46780246313255797,0.5062218917602882,0.511132382571757
2018-02-28,-0.0015135377543583264,-0.017304089055439297,0.5486950062310649,0.4890493133004528,0.4931768070796145,0.47703555053000785,0.5098051545665325,0.4820777513135,0.5054246446893937,0.5084475955393353
2018-03-01,-0.017516281158769395,-0.013346792283535193,0.5699916249565684,0.4802386832763013,0.49718099287883555,0.48263122706184314,0.5130066824764988,0.5004437674836385,0.5099081998106508,0.5098888944792291
2018-03-02,0.00691428571428576,0.0038649539615778494,0.5727035028186414,0.487607459907555,0.4982871294419861,0.4794807411534168,0.5132022684808587,0.5113218423866133,0.5103086198671501,0.5110504942132549
2018-03-05,0.003461778559673033,0.021401879741818598,0.5739445904537904,0.48524485769254366,0.4939581149132267,0.4788710412447309,0.5109854633712931,0.5079109299103721,0.5105988700263917,0.5085045578745434
2018-03-06,-0.0008483203257550373,-0.0034368070953437056,0.6024646931549686,0.4795609409137811,0.49438668566976196,0.4886987707340073,0.502669212604277,0.50805078103256,0.5106239781303129,0.5087789066618974
2018-03-07,-0.009282843719929736,0.02186005117365673,0.581953945624995,0.4584667105046453,0.47422014213911745,0.47266374801120836,0.4895180299488449,0.4934470787098994,0.4930541329135366,0.49259445903407806
2018-03-08,0.010912415014568912,-0.007457405693756488,0.5641358934596965,0.4503086422480418,0.4655015692235162,0.4654475458037545,0.48354971123271756,0.48630308239486325,0.48796406614862625,0.48723254806246497
2018-03-09,0.017180965298971358,0.0158495119008445,0.592093490354447,0.4605048479281702,0.4736878816122958,0.47990871545017144,0.49159519660070966,0.4921856186243699,0.4576624766220492,0.49185051202972163
2018-03-12,0.009667740860095617,-0.002537385952599465,0.5929461839586222,0.4580295041014307,0.4716845846498314,0.474251134502011,0.4882834716711601,0.4899214338115566,0.45110828832125105,0.49061984933693437
2018-03-13,-0.00963020030816641,-0.01558778956484085,0.5831610363342704,0.5277827206118779,0.47766490766857744,0.4793449594955963,0.4697241833637802,0.4946134326088655,0.457308540383461,0.4943242139145401
2018-03-14,-0.008501416902817142,0.012700681768198826,0.5713055523774814,0.5143658183138595,0.46329871412458284,0.46912364489783104,0.4560482892040582,0.4879511886866193,0.4628343399865635,0.48672722833229654
2018-03-15,0.0011768661735037434,-0.0017916282100004564,0.5714218094693331,0.526863116199727,0.4471248513586807,0.4660528870683669,0.45420220340260936,0.4854454711621759,0.47443175674247356,0.48531588958588245
2018-03-16,-0.0035264483627203773,0.006689872729250461,0.5926652690779685,0.5260411342928806,0.4495214437525582,0.4645320772215379,0.44816476350862416,0.48291534528661817,0.48240008303839843,0.4833502869733926
2018-03-19,-0.015279182114369164,-0.06769679615322276,0.6114563965374378,0.5264104208666412,0.4613307773793052,0.4694561229310703,0.4586899748007602,0.4887280640690473,0.48528523093523424,0.49067066163238154
2018-03-20,-0.0003422703936109656,-0.02555632823365784,0.5629506304418046,0.5406826749719452,0.45078371215024643,0.4642059376397684,0.46180584289028614,0.47634099672136354,0.48044806913633875,0.48682908160765426
2018-03-21,-0.022654645058205882,0.007374368123698963,0.48545503838944587,0.5213514155544854,0.4319105899704846,0.4460324311263583,0.44695517227701015,0.4634928865675705,0.4667913486354028,0.4716926677273531
2018-03-22,-0.014129736673089366,-0.026565912981876147,0.4761381497213635,0.5255344405124697,0.4425026636677373,0.4558920581025729,0.45711466988010824,0.47289408597523797,0.4748187975304603,0.4798646783935707
2018-03-23,-0.02315664791234822,-0.0333555703802535,0.44407387260185627,0.5613478808739919,0.4636429003688089,0.47924769378307297,0.48120809553636595,0.491102870966297,0.4911334615603835,0.46406785467888506
2018-03-26,0.0474718079301565,0.004203525942656478,0.4166844302908979,0.5396955099243661,0.445883560082484,0.4591282133187745,0.4600628629882567,0.47175066283560285,0.4729265905909357,0.4446330820123048
2018-03-27,-0.02564102564102568,-0.048981631888042006,0.5015943590853795,0.5584599162895902,0.5157616029748444,0.48696053144959445,0.4862662736265128,0.4803723682478105,0.49728230699542036,0.4691975034597383
2018-03-28,-0.011049067363668846,0.00532124556562871,0.50302424327559,0.5544604739183279,0.5090983456107088,0.4800351484608795,0.48087702786575415,0.4714075692977216,0.4950691164912341,0.47590487186158376
2018-03-29,0.007808745795290795,0.04417434489969281,0.46500607892991896,0.5449591813296417,0.5129704087520492,0.4656081685987243,0.47621341847044424,0.4691436614956646,0.49059040528973696,0.48188889763257187
2018-04-02,-0.006556204553582038,-0.02753614118530575,0.486784688838867,0.5586663561533829,0.5134922792821087,0.47008701084630095,0.476868842182219,0.46815393105634795,0.49156563861555763,0.48958768084157916
2018-04-03,0.010259179265658624,0.004633502799408117,0.4903310716163656,0.5769636867922285,0.5179525457158175,0.47171636347341284,0.4772350881426166,0.4698842281353633,0.4923393743249238,0.48891855898858444
2018-04-04,0.019122275669576742,-0.006469796938056622,0.4716520543055068,0.5392523795262579,0.5246810010350543,0.4587683536458271,0.4685890395440891,0.4674966913519408,0.47764089880000166,0.4807789038877869
2018-04-05,0.006934327836373158,0.02733720180528697,0.4857554447029305,0.5151932114472583,0.5304992361410313,0.46305408697058353,0.47044782115814343,0.47147718906105807,0.481917824962724,0.48359137888190074
2018-04-06,-0.025578703703703794,-0.013430400401656927,0.4819290900482788,0.49833155612723123,0.5283675140233578,0.46560697599203693,0.4737874553404218,0.4749519847893819,0.4855422742996655,0.4865700971866672
2018-04-09,0.009918042522865043,0.004643765903308004,0.46088438353872613,0.45423370831233734,0.542074332618821,0.4670879087481573,0.47732280800591914,0.4791724027144158,0.4871743947063688,0.4869958478708181
2018-04-10,0.01881799470743892,0.045019945545494745,0.4931476238196526,0.47383644657295193,0.5557414571940694,0.4829292256399458,0.49237818382832343,0.4917251939861638,0.4998673285441105,0.4997307603165721
2018-04-11,-0.004675324675324688,0.007755695588948141,0.48805005907161736,0.49377851275111523,0.5445026641147549,0.515475891276852,0.48975709128140205,0.48900877645046475,0.4835691021872507,0.49858498237781024
2018-04-12,0.009858501507770753,-0.014730639730639664,0.47299701014355944,0.49763570531803825,0.5404686565914549,0.506361490912723,0.4807800444504697,0.4814507494317566,0.4733078669870254,0.49361374852208934
2018-04-13,0.003388078557482505,0.003966558857631084,0.4682466652607059,0.47589789455482917,0.5406551962858943,0.5130305645123927,0.4707811390668081,0.47964959271435836,0.47265114842560596,0.4920585464519393
2018-04-16,0.006238196073942675,0.001884269389739863,0.46733957810063753,0.4949814309895368,0.5519572715848459,0.5140913774432325,0.47407000878332894,0.4798894567616864,0.470349164116016,0.4920463369977115
2018-04-17,0.013764076896826391,0.02323606139659033,0.4841739055532372,0.5058963247549605,0.568495079937981,0.5232892811311124,0.48081498487150776,0.48501697567589147,0.4769235057703547,0.49721292399474687
2018-04-18,-0.0022441651705565847,-0.013636902644373195,0.4846865512907462,0.5055857137538705,0.5422163690339451,0.537331836539795,0.4775951072567925,0.48509756566545686,0.482663198061889,0.49188613724436
2018-04-19,-0.028340080971659874,0.010459245010819792,0.45647440792702076,0.46278059432314295,0.4892969308202964,0.5148497110340616,0.4556112517093119,0.4636678826586288,0.4638177460622605,0.4745528262325036
2018-04-20,-0.04097222222222229,-0.010826888756692405,0.44987051482681895,0.4493739584060338,0.46364340399487874,0.504413680197598,0.4512580253166747,0.46053910352661365,0.460908499218596,0.47150856557195986
2018-04-23,-0.0028964518464879904,-0.002646139042578769,0.43408498594583245,0.4307378180611022,0.42463260923525953,0.5132229899320517,0.451285800152194,0.46175452207107154,0.4642823502474091,0.4721346932530756
2018-04-24,-0.013919147906076079,-0.037083936324167906,0.44830600596507936,0.4371786617655608,0.43635341922517845,0.519741994889267,0.45845327986726886,0.4692461065524689,0.4699639387314489,0.4781366483272994
2018-04-25,0.004357432183625923,0,0.44615728612229516,0.43908974916160604,0.45464775939604957,0.5128917156983096,0.49070708412560526,0.46902522660171875,0.46939345940821114,0.46546667247693857
2018-04-26,0.003483043079743313,0.0906130628091928,0.4103096185348964,0.3982616121311909,0.4170339669649098,0.46826492533104136,0.45144666131746053,0.4330726496060058,0.43497411094855015,0.4301164069358374
2018-04-27,-0.011569845329436158,-0.0032728525493798417,0.41004331362242213,0.39189667620728325,0.39650081244375807,0.46783688405782003,0.4573545976813526,0.4235155662837754,0.43309285356693134,0.42935432300380855
2018-04-30,0.018112370625924086,-0.00915951379687772,0.3916060678212773,0.37311262900785713,0.3955987177219461,0.4628024116557977,0.44723386123071013,0.4160662284230348,0.4246827345692325,0.4188627136665841
2018-05-01,0.0232361127919642,0.010813953488372172,0.37741103228414213,0.3754687530487205,0.3988777025792196,0.46861839560024393,0.45111086223022856,0.4192562256275239,0.42601831632578496,0.421455165815414
2018-05-02,0.04417504435245417,0.012711376969975725,0.3816250927413493,0.3752744200383301,0.3958790049298471,0.44316706922750004,0.45896660750337726,0.4163889563005224,0.42534790388298227,0.4245461011093619
