date,ES1 Index - returns,UX1 Index - returns,30d_apply,40d_apply,50d_apply,60d_apply,70d_apply,80d_apply,90d_apply,100d_apply
2016-11-18,-0.0016023806798672313,-0.003327787021630663,-0.7911141012812839,-0.7814057063291455,-0.7799396855927393,-0.8310387610699345,-0.7765107676060097,-0.7746918615806662,-0.6699263839831147,-0.6676450656305253
2016-11-21,0.005617333486185945,-0.0333889816360601,-0.7896434633008106,-0.779258839457153,-0.7771952343124184,-0.8322711941432359,-0.7803206275851775,-0.7768830130752828,-0.6732680204873771,-0.6718126238792862
2016-11-22,0.0033059735522115823,-0.0034542314335059715,-0.7688130675042615,-0.7728823601586079,-0.7482692979477349,-0.8305809947035109,-0.7797386951888449,-0.7783616235584234,-0.6716706284453731,-0.6712301534721626
2016-11-23,0.00022724690376093625,0,-0.7674021640736585,-0.7723104501702963,-0.7451147830959871,-0.8324091013605099,-0.7781763504144302,-0.7764448039968833,-0.6777903821052332,-0.6751796839479671
2016-11-25,0.004771100761104169,-0.006932409012131814,-0.760679049751267,-0.7628718788214177,-0.7291141303236359,-0.8319693877958648,-0.7770867996148828,-0.775363798357182,-0.6756168836620695,-0.6727241828255399
2016-11-28,-0.004748445449406444,0.006980802792321217,-0.7588073976872445,-0.7621261199705536,-0.7552848177214976,-0.8299231063877394,-0.8278314541445371,-0.774054575550124,-0.7690670723249976,-0.6721277080135378
2016-11-29,0.0013631716460297625,-0.010398613518197597,-0.7629613833505372,-0.774562709921393,-0.7666142796964023,-0.8286345463993011,-0.8278886518100652,-0.7721491657066318,-0.7682346862214117,-0.6666334817470246
2016-11-30,-0.0022688598979013048,0.017513134851138354,-0.7632762980985843,-0.7859126139050491,-0.7671621027379798,-0.828868070684331,-0.828145255875672,-0.7753892706183385,-0.769741185740976,-0.6673801645957385
2016-12-01,-0.003069926094371802,0.03442340791738382,-0.7666422220496039,-0.7882771666677069,-0.7714836895124398,-0.8300139098154864,-0.8288115844647947,-0.7761510188581123,-0.7706679541478411,-0.668642156559791
2016-12-02,0,0.0033277870216305446,-0.7691615410674582,-0.7880803059409315,-0.778601591919708,-0.8305719363760137,-0.8280079534689438,-0.7759807316568181,-0.7736036154462496,-0.6687531348770112
2016-12-05,0.005588503649635037,-0.10281923714759529,-0.7657089377896437,-0.7819521409795103,-0.7743980648570874,-0.7741989240127524,-0.8251264765237639,-0.774208175603158,-0.772504668773431,-0.6725856695261044
2016-12-06,0.0026085970284677328,-0.029574861367837362,-0.7630554040252836,-0.778489095831427,-0.7699539853795877,-0.7709864579835636,-0.8254223701032262,-0.776660741093542,-0.7736521496157815,-0.6749896692907317
2016-12-07,0.012104072398190046,0.015238095238095184,-0.7011939576486674,-0.7018780502512764,-0.7176404515894531,-0.7050607142928446,-0.7995782758601911,-0.754497707182305,-0.753842984130981,-0.6560769190353847
2016-12-08,0.004917849558511233,0.0075046904315198065,-0.6906261510344366,-0.6920077465707836,-0.7098091670440195,-0.6954837175318862,-0.7975399289795986,-0.7494893377417882,-0.7484726159095879,-0.6594635451946406
2016-12-09,0.005449894338783227,-0.029795158286778423,-0.6882951127595286,-0.6901621291364566,-0.7045020315249723,-0.6836552580022421,-0.7993582991142193,-0.7507156290462246,-0.7496619115067854,-0.6594220487611977
2016-12-12,-0.0017699115044247787,0.030710172744721716,-0.6927017781455953,-0.6970279032423773,-0.7085907552508989,-0.7102924361998552,-0.799973699116833,-0.7980788154783389,-0.7509511927079074,-0.7458727688724964
2016-12-13,0.007646276595744681,-0.011173184357541926,-0.6814949885034625,-0.6948290087056179,-0.7141715925062327,-0.71643794796558,-0.7956269028002929,-0.7948274877801829,-0.7462223642967475,-0.7420563532986393
2016-12-14,-0.007148355878148026,0.011299435028248614,-0.6647752185585538,-0.6854538932780614,-0.7159174512712366,-0.7107859896959103,-0.7915333411929796,-0.7910709649874588,-0.7453940974782459,-0.7400101924686896
2016-12-15,0.0028799291094373063,-0.029795158286778423,-0.6503959734876882,-0.6856168485990585,-0.7161920569353076,-0.7109658440066753,-0.7923803813017063,-0.7914482783156009,-0.7458715369533455,-0.7406239693896604
2016-12-16,0.0022664015904573045,-0.02303262955854132,-0.6288945089898996,-0.6857166876412282,-0.7163021428642848,-0.7166240805572764,-0.7928678413789735,-0.7905242919427297,-0.7456574213509677,-0.7437118029698458
2016-12-19,-0.003804057955682552,-0.04715127701375243,-0.5961812188108951,-0.6550917104728591,-0.6859001481332566,-0.6921350866038142,-0.7164655480815921,-0.7778740048620778,-0.7326588756586501,-0.7320032777416624
2016-12-20,0.0028761061946902654,-0.0453608247422681,-0.3363676043128394,-0.6509532626618595,-0.6808798924861607,-0.6836271332110493,-0.7079885526333958,-0.7774668061718267,-0.7346354160804515,-0.7328277038710851
2016-12-21,-0.0026472534745201853,-0.010799136069114472,-0.3320786204100744,-0.6418072550429513,-0.6492099888183516,-0.6747195383220262,-0.6710574800052832,-0.7742487238197132,-0.732243506796358,-0.7324282062661838
2016-12-22,-0.00077416500774165,0.24672489082969443,-0.23256301961942435,-0.5233572324557769,-0.5350179911714419,-0.5600522370986207,-0.5635218270363116,-0.6946035143081682,-0.662114511131414,-0.6640182399733937
2016-12-23,0.0005534034311012728,0,-0.2413500295597151,-0.5192744259536509,-0.5300476968110613,-0.5524204687163651,-0.5484197767689472,-0.6953969012779022,-0.6620183539645942,-0.6638556306679788
2016-12-27,0.0004424778761061947,-0.021015761821366073,-0.2563331227413739,-0.5157790330572062,-0.5305039608257154,-0.5525395537070807,-0.5640209528464712,-0.6950153565454994,-0.6941603315902366,-0.6637991127086023
2016-12-28,-0.00696594427244582,0.04651162790697677,-0.29612271499219256,-0.5229204521840413,-0.5427828298170724,-0.5680303103997393,-0.578327490098327,-0.6957262615956031,-0.6968495555498617,-0.66394171050618
2016-12-29,-0.00011134617525887985,0.013675213675213627,-0.2305119438046475,-0.5181679322159842,-0.5390953476909591,-0.5748080456503439,-0.578088843171675,-0.6951048826967975,-0.6968157215768267,-0.6661821605857678
2016-12-30,-0.0038975501113585748,0.02023608768971337,-0.2170627190852121,-0.5118222402537084,-0.5389001041279009,-0.5752098830266511,-0.5772946416951649,-0.6957197012442934,-0.6971293424575492,-0.6663454580597403
2017-01-03,0.0072666294019005035,-0.08925619834710742,-0.3361118235527049,-0.5114693683373013,-0.5533380911228711,-0.5879851283516797,-0.5928031363260452,-0.7010012153922484,-0.7008510771233819,-0.6710293951790425
2017-01-04,0.005216426193118757,-0.04355716878402901,-0.3532984417382435,-0.5227827509508088,-0.5607094701450935,-0.5908759207679183,-0.59678326566063,-0.6344373413806692,-0.7033784862111969,-0.6725523462010637
2017-01-05,0,-0.011385199240986743,-0.34054873321890355,-0.36421306968523137,-0.5559907349416034,-0.5854194660553985,-0.5900504130790095,-0.625963299157407,-0.7030396638953187,-0.673817394301952
2017-01-06,0.0032019432483162196,-0.01151631477927066,-0.34282482954734733,-0.3653991648682744,-0.5546007020479612,-0.5650486669937641,-0.5853175169591572,-0.5877439759476655,-0.7020370965651911,-0.6739187421478744
2017-01-09,-0.00286154523442659,0.0038834951456311233,-0.341485504533538,-0.3238679245129509,-0.5506463227715674,-0.5617559528459655,-0.5834616198626391,-0.5839235930693524,-0.7027145614477539,-0.6710655716230097
2017-01-10,-0.0005518763796909492,-0.0038684719535783912,-0.3425153026975839,-0.3329276448528421,-0.5460800182813634,-0.5571463279077616,-0.576152965685118,-0.5705731660059309,-0.7031057600691056,-0.6706954558379494
2017-01-11,0.0029817780231916067,-0.027184466019417448,-0.3496002294109179,-0.34989105416786354,-0.5469203146056236,-0.5599677767970045,-0.5790978845325186,-0.5867728236697952,-0.7039202316126629,-0.7034405540191082
2017-01-12,-0.0030830213609337152,-0.003992015968063929,-0.3437542306287452,-0.35168723030683063,-0.5400262910602256,-0.5588183995261314,-0.5832080739084967,-0.5909750651232857,-0.7004064227006751,-0.7018133438188139
2017-01-13,0.003976143141153081,-0.024048096192384686,-0.3431699286337077,-0.30715567711057723,-0.5350964729089804,-0.5566891274832163,-0.5901913571717904,-0.5917835192806973,-0.7005787448161857,-0.7024839846575583
2017-01-17,-0.0042904290429042905,0,-0.3238228068174735,-0.2853299746649462,-0.5224343250561012,-0.5515808276322188,-0.5865797444634065,-0.5885716325607928,-0.6987005835360252,-0.7005510740103486
2017-01-18,0.0016572754391779914,-0.02587268993839846,-0.32366504072101626,-0.3480014069463385,-0.5078400849589736,-0.5511201005868763,-0.5865858030469335,-0.5929565019924087,-0.6988919208020582,-0.6993733377462391
2017-01-19,-0.0022060445621001545,0.19940978077571672,-0.305762146922408,-0.3566999108192554,-0.5000572494843414,-0.5293063857769595,-0.5573702098462998,-0.5627832851427442,-0.6019249729818563,-0.6709565252972616
2017-01-20,0.001989829759009507,-0.028119507908611625,-0.30371565754129587,-0.34940132794015466,-0.36763319256367644,-0.5259528360856907,-0.5532992880662051,-0.5581032070317602,-0.5944290900163675,-0.671216263572088
2017-01-23,-0.00176522506619594,-0.018083182640144666,-0.3566633341666159,-0.34320793995293875,-0.3620449852039329,-0.5203684015924862,-0.5314670081291906,-0.5500668225744176,-0.5543231065520976,-0.6681111891454201
2017-01-24,0.005526083112290009,-0.04051565377532221,-0.3843092593585799,-0.35503992987110894,-0.3386540648781811,-0.5228753383059533,-0.5339184684854245,-0.5530993695952997,-0.5546214714364598,-0.6713078293660346
2017-01-25,0.008573312816003518,-0.02303262955854132,-0.37348427220052605,-0.358038242411445,-0.34841501328850266,-0.5191656134861945,-0.5291086198794085,-0.546219543355591,-0.5420366996420738,-0.6709182873846365
2017-01-26,0,-0.003929273084479288,-0.3674816798946986,-0.3610427544991884,-0.35926966431849466,-0.5183854841958043,-0.5302705753554103,-0.5473736085484451,-0.5548202619055952,-0.6710450933687198
2017-01-27,-0.002179598953792502,-0.011834319526627246,-0.371361656062538,-0.35490367438902587,-0.35937527211038417,-0.5117018104946897,-0.5288710030717207,-0.550679518733102,-0.5581913715788545,-0.6674649159864247
2017-01-30,-0.005679335954565312,0.027944111776447077,-0.39056587813094296,-0.35929430729223116,-0.3283570334160718,-0.5103866467027429,-0.5278006943766379,-0.557670422435172,-0.5598263226840815,-0.6674298886773049
2017-01-31,-0.0006590509666080844,0.0038834951456311233,-0.3839111444975853,-0.3508606355752365,-0.31714116257992453,-0.5038328140759839,-0.5265727577748462,-0.5574361399005827,-0.5592011655797878,-0.6677223442218397
2017-02-01,0,-0.01934235976789168,-0.3784979157960042,-0.3484537866624953,-0.36167983967424405,-0.49064615591121447,-0.5246573561887342,-0.5561950649697739,-0.5617629113789474,-0.6672538791232954
2017-02-02,0.00043965706748735987,0.01972386587771203,-0.4177199893871814,-0.31805493032339766,-0.3634643534734807,-0.49627605673126846,-0.5264302079622597,-0.5545525014935883,-0.5612333663830114,-0.5997912491932125
2017-02-03,0.0068116897385190065,-0.03481624758220511,-0.418757797161524,-0.326555659385166,-0.3648085408352785,-0.3777075902902223,-0.5266875149896487,-0.5535290077570514,-0.558725470712146,-0.5944527296907709
2017-02-06,-0.001964207769532955,0,-0.4259698332881835,-0.37681454213872717,-0.3644459475446573,-0.3772063702243725,-0.5241479201045561,-0.5346813509846592,-0.5534997049890515,-0.5579518287405725
2017-02-07,0.0008746993221080254,0.008016032064128228,-0.5431046591411209,-0.38629889169296155,-0.36424464149776253,-0.348156629563863,-0.5221591202368978,-0.5329166461040011,-0.5525249922005303,-0.5549265495352985
2017-02-08,0.0007646930303692375,0,-0.5429094076921779,-0.3785340454836835,-0.3657485304447558,-0.3559439514399691,-0.5190579150098074,-0.529496352859406,-0.5465188773815214,-0.5431348050722957
2017-02-09,0.006112869774042135,-0.04373757455268382,-0.5608412429204235,-0.3886012888068144,-0.38006044046944115,-0.375739362784943,-0.5238277439240997,-0.5353420840113877,-0.5522252969085186,-0.5594720691327532
2017-02-10,0.0036888358468048174,-0.024948024948025005,-0.5370814263706628,-0.4024837924585868,-0.3831014889259735,-0.3831996086581151,-0.5222490320737792,-0.5382906705498378,-0.5591881614352486,-0.5661372193178302
2017-02-13,0.005837206788455302,-0.02558635394456281,-0.5362962017218882,-0.4164387626330586,-0.3838753891551332,-0.35484067589537893,-0.5190571238191932,-0.5365914892482843,-0.5652743870832992,-0.5670319229860644
2017-02-14,0.0046211714132187,-0.02188183807439825,-0.528549384858974,-0.415072055679573,-0.3775416543825346,-0.34674171761125094,-0.5132461351519337,-0.5367720870611457,-0.5661408480736185,-0.5676798748108758
2017-02-15,0.005776636713735558,0.02908277404921694,-0.4261717213320534,-0.384810586611718,-0.35810757781702907,-0.37123157030977133,-0.4899722575799685,-0.5246535338461858,-0.555296963026391,-0.5607623264501892
2017-02-16,-0.0021272069772388853,0.12826086956521737,-0.4335160190281714,-0.43922298473504107,-0.35307312448171685,-0.38570018136457807,-0.4993954941460396,-0.5260508989315544,-0.5511248206851339,-0.5563478945937799
2017-02-17,0.0010658708164570454,0.011560693641618524,-0.4376053234936284,-0.43330025933680427,-0.35088097893066206,-0.37930818654781323,-0.3897991293392726,-0.5229553984001765,-0.5470553911392311,-0.5512120880486104
2017-02-21,0.005110732538330494,0.0038095238095238637,-0.4252994494823647,-0.4391813528155642,-0.3882544324717585,-0.375320557646864,-0.3865511814901547,-0.5188996750611211,-0.5276060395078687,-0.5442080047015453
2017-02-22,0.000423728813559322,0.003795066413662158,-0.4333811114346639,-0.5103534496708899,-0.3946864649991203,-0.3755907629950905,-0.36113072828164755,-0.5171030269096089,-0.5259185144797467,-0.5433607294435708
2017-02-23,0.0007412113511224058,0.022684310018903645,-0.43924782282734953,-0.5100065790472329,-0.38773614430435477,-0.3763130926594735,-0.3672086344246865,-0.5145304931042443,-0.5222931464646935,-0.5374435816403287
2017-02-24,0.0009522801819913237,-0.014787430683918747,-0.43148957106890357,-0.5126180768829764,-0.38291008521477693,-0.3796391842684083,-0.37696548277049935,-0.513546298704778,-0.5234208582784178,-0.53811719236674
2017-02-27,0.0013742071881606766,-0.00375234521575977,-0.4504674960820624,-0.49251145381910366,-0.3878290083587602,-0.3796663566964399,-0.38216996227414346,-0.5107671715672588,-0.5253959960944737,-0.5440592117436246
2017-02-28,-0.0023223899503853054,0.018832391713747645,-0.4444232170456238,-0.49458739059870244,-0.40206159812707715,-0.37998728966017253,-0.3542865851168235,-0.5087471122774436,-0.5234636461172819,-0.549976184285167
2017-03-01,0.01301449582054809,-0.018484288354898334,-0.4440950694639928,-0.46040306875831444,-0.38027124737148893,-0.36337370658810375,-0.3391721031766621,-0.4940214279978902,-0.5143939147581857,-0.541426774992245
2017-03-02,-0.004804679339878839,0,-0.422670944478681,-0.406221770423739,-0.36904717298666373,-0.357041615894473,-0.36716266107467654,-0.4793157650377418,-0.5091807275357991,-0.5375382957714225
2017-03-03,-0.00031486146095717883,-0.03389830508474584,-0.42334432666238075,-0.37799299970932504,-0.3936714450668975,-0.3320237446219215,-0.3636798523245319,-0.47982405891176827,-0.5074249403637892,-0.5330327537130995
2017-03-06,-0.0024146981627296586,-0.011695906432748428,-0.40852307478090744,-0.3698258593609611,-0.38114999712370173,-0.3243948368711219,-0.3527109933638015,-0.36703800658623237,-0.5011409073811196,-0.5261918834424352
2017-03-07,-0.003788676068196169,-0.003944773175542462,-0.4144758935106886,-0.35744058400175904,-0.380542095004686,-0.35211217699160285,-0.3483880060003915,-0.3632793181331668,-0.49622543063843877,-0.5057055742781483
2017-03-08,-0.0010564124234100994,0.003960396039604017,-0.3903190005443917,-0.35967747627935165,-0.4466972565791036,-0.35740560263467247,-0.34847824936771044,-0.33814636699637873,-0.494303304753549,-0.5039996687829916
2017-03-09,0.0009517766497461929,0.007889546351084784,-0.36840583730340937,-0.36163602614347395,-0.44641003984248273,-0.3506801833904806,-0.3488707402077963,-0.3437941085395075,-0.49134661570481303,-0.5006685680106052
2017-03-10,0.002324352879027998,-0.019569471624266144,-0.37403337642860096,-0.35897179480457536,-0.450370160275559,-0.34809229104623074,-0.35187443653292455,-0.35311248286961405,-0.49146455564574276,-0.5023629424488332
2017-03-13,0.0013702961947928746,-0.031936127744511,-0.3856025011204276,-0.36579391364125907,-0.4250768579067851,-0.35120527767828974,-0.3514255192050066,-0.3567639855248121,-0.488063312817989,-0.5033184409841407
2017-03-14,-0.0035789473684210526,0.041237113402061855,-0.391941097747491,-0.3767888704834641,-0.4384782024933131,-0.3661675909775979,-0.3579169108085686,-0.33687062626482234,-0.48857724483934456,-0.5044920638910149
2017-03-15,0.007289245721529686,-0.027722772277227695,-0.41476574371461955,-0.39991274741902616,-0.43915701966993276,-0.368596885129582,-0.35632219688618694,-0.33370066384606467,-0.484670573501625,-0.505589577931971
2017-03-16,-0.0004195070791819612,-0.028513238289205673,-0.4042387793453964,-0.38966298610529304,-0.39295395138398925,-0.3624304962492849,-0.3519555382735048,-0.3630472907401237,-0.47178794505230415,-0.5020450766428383
2017-03-17,0.0012800335746512147,-0.012578616352201286,-0.39964339433902035,-0.42469570450699384,-0.3786498210935835,-0.3892766591513297,-0.3332978464229392,-0.36433286571274653,-0.47593617951678213,-0.5036647954709869
2017-03-20,-0.006517729901919767,-0.012738853503184744,-0.3222781331137507,-0.3899774257162896,-0.3545532286229239,-0.3642611939616221,-0.3167184769678092,-0.3452416914719958,-0.3592899399626346,-0.4907589581025168
2017-03-21,-0.011813099883978483,0.04731182795698931,-0.40782471588111624,-0.46581626381040725,-0.3874732986234263,-0.38426106494588197,-0.3654213870065794,-0.36257116465371464,-0.3741411920455999,-0.49591287572977505
2017-03-22,0.00010673497705197993,-0.002053388090349105,-0.40802149854773573,-0.4474132798554418,-0.38821274389887667,-0.4605461635303621,-0.37045039312521255,-0.3624743225383939,-0.3512363521239997,-0.49421442298983825
2017-03-23,-0.0010672358591248667,0.17489711934156377,-0.34154514559859844,-0.35668715483528124,-0.3614924693830421,-0.42404011921898327,-0.3523768761015743,-0.3526064431645597,-0.3489982697529549,-0.4761614589647089
2017-03-24,0.00202991452991453,-0.02451838879159367,-0.31594187860502115,-0.36083082560831026,-0.359164458615937,-0.42683891260287915,-0.351219293947757,-0.3555210263766527,-0.35666464758187444,-0.4764615354446352
2017-03-27,-0.002665529374133703,-0.025134649910233495,-0.2834232707802619,-0.3513679743441494,-0.351722430644521,-0.3999916751048042,-0.34505267031470843,-0.34814379976149634,-0.3531164806860816,-0.46909847569356755
2017-03-28,0.005559119093435963,-0.047882136279926234,-0.2972611319656345,-0.36160471045485293,-0.36210765220479113,-0.4113785197734457,-0.35939802651588004,-0.35492813624657965,-0.3369927572927623,-0.4695776770512746
2017-03-29,0.002338932596215182,0,-0.2848836916813518,-0.36117372299402134,-0.3683294058555325,-0.4068376009399542,-0.3559761510076453,-0.3496299078558196,-0.3300944818822736,-0.46428197479793365
2017-03-30,0.003182011030971574,-0.0077369439071567825,-0.32028326610124985,-0.36656689823208777,-0.36853691836137575,-0.3760686513289216,-0.35466351115075434,-0.3497850232378409,-0.3587201620561115,-0.45613364588707966
2017-03-31,-0.00222034256713893,0.0350877192982457,-0.32601152942517586,-0.37580892997905296,-0.39225199112840076,-0.37061560015092926,-0.37886684742598464,-0.3374599734249765,-0.36371646242535494,-0.46264137674328526
2017-04-03,-0.0013775564268305605,0.015065913370998062,-0.3311246731364255,-0.35927819344213313,-0.3930890574248637,-0.37335452996416213,-0.3753468671895282,-0.33648656953178985,-0.35960047233700065,-0.37130965397383975
2017-04-04,0.00021222410865874363,-0.01855287569573284,-0.340693152310221,-0.35927533600581046,-0.39893802058871614,-0.3702531412040237,-0.37938192198787507,-0.3616285997633647,-0.35890073634628183,-0.3705021105277829
2017-04-05,-0.004243581582855931,0.04914933837429114,-0.3655053421237309,-0.38028449361600253,-0.40191707126064397,-0.3853327328793087,-0.4426124255541825,-0.37484766542216763,-0.3673951269442804,-0.3578028029960663
2017-04-06,0.0030897080758576605,-0.02162162162162167,-0.37994780124775923,-0.3854675990577704,-0.39779378875226545,-0.38959603766534695,-0.44508062201388204,-0.3719014337381863,-0.3695130730339054,-0.3642644297124202
2017-04-07,-0.0006372809346787042,0.033149171270718314,-0.376992891843481,-0.36479723184092083,-0.4000568935751091,-0.3874163478376589,-0.4472603894376797,-0.3704553624769672,-0.37253777244762,-0.37205432138464223
2017-04-10,0.00010628122010840685,0.07130124777183601,-0.3557736309116625,-0.34823723366584725,-0.39930842923184046,-0.3885737780198848,-0.4285561319780301,-0.3693097582657507,-0.3704952359566468,-0.37371667347082893
2017-04-11,-0.0006376195536663124,0.06322795341098165,-0.3467871640501587,-0.33249292418429394,-0.3923847754603309,-0.38431302480541923,-0.428455436439085,-0.375029764478994,-0.3704773694781901,-0.352350490835593
2017-04-12,-0.004359846873670779,0.01877934272300463,-0.35152061200006185,-0.3199162552113658,-0.39481290439866606,-0.3924012588974933,-0.4277566994329865,-0.3726229228910961,-0.36765301530975736,-0.34779819500143766
2017-04-13,-0.005660578874292428,0.003072196620583761,-0.3500769448348439,-0.332183302305375,-0.38691909220754284,-0.3816480488298466,-0.39114383463990415,-0.3647047292653433,-0.36325440269185405,-0.37074724008025317
2017-04-17,0.007518796992481203,-0.0765696784073507,-0.43422309106787627,-0.3959956142752744,-0.42655872088458285,-0.4360887101471376,-0.40805498686140207,-0.4049048037014338,-0.36590170018709345,-0.38870253390840737
2017-04-18,-0.003304904051172708,-0.02321724709784409,-0.4216006195435105,-0.37958848193716943,-0.39420594804973663,-0.41983268869041274,-0.39736042188670384,-0.39165338740534394,-0.356090601679281,-0.3766727721442967
2017-04-19,-0.001497486362177773,-0.028862478777589063,-0.42172179366143286,-0.37796951453069044,-0.3861119110184231,-0.41715685880320974,-0.38885453258125574,-0.39066116287505065,-0.37549833654202347,-0.37244599848356547
2017-04-20,0.007820032137118372,0.0017482517482516487,-0.39981594701817513,-0.363012698379822,-0.3762814651721101,-0.39446129511972544,-0.38162940519538224,-0.4319639597201025,-0.37269682684919897,-0.3667260629756149
2017-04-21,-0.001913265306122449,0,-0.39831250983206434,-0.36533599171152004,-0.3740407894668204,-0.385158125249715,-0.38096660016228623,-0.43086198446597396,-0.3668798413670675,-0.36610874879769983
2017-04-24,0.009584664536741214,-0.11518324607329834,-0.4932963913584034,-0.4492459668660108,-0.4242611374825133,-0.44527277864283354,-0.425263203505144,-0.47032728981691396,-0.39994241361235994,-0.3984003412745265
2017-04-25,0.006329113924050633,-0.01577909270216971,-0.491133065662543,-0.4500194794749307,-0.4220419088268928,-0.45213484795726383,-0.43026677055445983,-0.4593142671762396,-0.4025967815657896,-0.39876801103693726
2017-04-26,-0.0011530398322851154,-0.008016032064128228,-0.47732324778694735,-0.44502606435561154,-0.41193168967981064,-0.4432706409750011,-0.42502167269687624,-0.45734674081195315,-0.40485242942859073,-0.39628479019590135
2017-04-27,0.001574142092559555,0,-0.46853326275943663,-0.46430857729951247,-0.4063333064238172,-0.4431019286389946,-0.42974241193494483,-0.4546228830810038,-0.40253287751094863,-0.3923526402503569
2017-04-28,-0.0023051131601005866,-0.008080808080808051,-0.4676632900836012,-0.467183732129672,-0.42464344402153376,-0.44098429985626036,-0.4252593639047476,-0.42999410244348146,-0.3986975932930819,-0.39008189730534987
2017-05-01,0.0027305187985717286,-0.036659877800407414,-0.4742889387969337,-0.4786356162438961,-0.43638126309078273,-0.4442610677274691,-0.45124137016476856,-0.4248587958182686,-0.41727982408019576,-0.379357615975352
2017-05-02,-0.0005236698785085882,0,-0.5074589980108535,-0.48470493232617373,-0.43792780390627745,-0.4341921493838977,-0.4500477459412348,-0.42542256047401245,-0.4139610268297302,-0.3776220292854872
2017-05-03,-0.001047888504663104,0.021141649048625793,-0.4998699396033482,-0.4936044602756488,-0.4480154897878483,-0.4376246642654009,-0.45730668782211004,-0.4260328174370478,-0.4187935463690787,-0.4020859164988087
2017-05-04,0.0009440889541592364,-0.028985507246376784,-0.49904433014326205,-0.4935969864332091,-0.4483509414465005,-0.4367956431849162,-0.4471620238934124,-0.4264960133335249,-0.46793806108381836,-0.40575870153381816
2017-05-05,0.005135191783693146,0.004264392324093877,-0.5678472753330059,-0.48305132824492647,-0.44214240827191714,-0.4309046384128614,-0.43844322832693183,-0.42245152828454097,-0.4631261241044446,-0.3985350173557269
2017-05-08,-0.001146908560108435,-0.029723991507430967,-0.5486988620089365,-0.47192244552739,-0.43470936439455526,-0.4103733971032609,-0.43179576820408544,-0.4143743640173098,-0.45905771430772213,-0.3925475824842336
2017-05-09,-0.0007306889352818372,0,-0.5750326776294964,-0.4702819267570626,-0.4348317465887309,-0.405637334047682,-0.4360506970549569,-0.4173453006309144,-0.44743386463744433,-0.3946491412234684
2017-05-10,0.0008356836937219263,0.008752735229759268,-0.5508707813671996,-0.45747359794864456,-0.4302072676230718,-0.39852057472493024,-0.42860479468256585,-0.414042599160988,-0.4467909128427276,-0.3973197277538201
2017-05-11,-0.0017743450579271475,-0.008676789587852464,-0.5475692959318926,-0.4467724933200243,-0.4464675306084588,-0.39019065544026776,-0.4253365087586545,-0.415440942884904,-0.44190817540908955,-0.39335300005106383
2017-05-12,-0.0009410288582183187,-0.017505470459518693,-0.542692015676247,-0.44745736621366994,-0.44920634505110235,-0.40988001666781615,-0.4237534523004114,-0.41179656490761424,-0.4179811924434171,-0.390203458853594
2017-05-15,0.004081632653061225,-0.03563474387527843,-0.5443101954886025,-0.45683766181692326,-0.4625267864142462,-0.42319055561269164,-0.43002784720918885,-0.4386271791197631,-0.4150365588325523,-0.40939205519811495
2017-05-16,-0.0006253908692933083,0.023094688221709007,-0.5415425457077558,-0.4863336029100972,-0.4684766512705133,-0.4257598018576149,-0.4221822069975765,-0.43877654927598453,-0.41676650865014103,-0.4071864665006661
2017-05-17,-0.016478931998331246,0.10158013544018059,-0.6693616200694026,-0.5595282240869297,-0.5560915063345472,-0.5176396347722588,-0.4951812565243236,-0.5092384536492246,-0.4705191221996071,-0.4503823281688982
2017-05-18,0.002545068928950159,0.17008196721311486,-0.46048548835131,-0.4428634976525451,-0.4469637933854901,-0.41908239535593056,-0.41944661012037804,-0.42800475190325293,-0.41523220094049423,-0.4494913960048578
2017-05-19,0.007615823989845568,-0.10858143607705784,-0.5080654561386883,-0.5298903580235899,-0.48488298417874504,-0.4553034817557842,-0.4476987038790898,-0.4516152216877713,-0.43901045581125736,-0.46953016847864426
2017-05-22,0.004723913499895024,-0.03929273084479371,-0.5165166871732774,-0.5362680074732704,-0.4906138185667524,-0.46202879638706734,-0.44495460280735455,-0.45763382156671023,-0.44193419434617603,-0.47431035139250016
2017-05-23,0.002194128095287849,0.00817995910020447,-0.525289098164667,-0.546920966237516,-0.48757405294745326,-0.4599406359436483,-0.4406961967632608,-0.4598750640255562,-0.4437165328681911,-0.4652331190000311
2017-05-24,0.0016680567139282735,-0.028397565922920864,-0.5307774400406843,-0.5357668320685863,-0.4824146024101688,-0.4593111136704763,-0.43725471902242385,-0.45645199920888363,-0.4419434849840724,-0.46539862460948817
2017-05-25,0.004787676935886761,0.0041753653444677,-0.5115661483181746,-0.5286134165134212,-0.47227768696564254,-0.4674182106062865,-0.4304888936992133,-0.4528623809853968,-0.4424857258675102,-0.4604385372894638
2017-05-26,0.00010358400662937643,-0.008316008316008287,-0.517596126115906,-0.5282484846643158,-0.47537172478024614,-0.4720841456224095,-0.445545189363408,-0.45389506157914816,-0.44156821081421566,-0.44432123997105566
2017-05-30,-0.0012428793371310203,-0.008385744234800957,-0.4842117387688358,-0.5202190987309572,-0.47284478493194226,-0.47401927340384836,-0.44693806716607204,-0.4523276980155014,-0.45615054978634556,-0.4373250806259685
2017-05-31,0.00010370216737529814,0,-0.5033032846766472,-0.5184504382726867,-0.49236300329475435,-0.4781540009653589,-0.4478195860218613,-0.44586357359253936,-0.45528619402936976,-0.43785232431367155
2017-06-01,0.0076731646619659895,-0.016913319238900576,-0.510564755546755,-0.5158869059704017,-0.4819581850322386,-0.4811147719657884,-0.45243620040568144,-0.44702369056816954,-0.4589463391021441,-0.43707690492957985
2017-06-02,0.0033957604445359127,0,-0.5316306855905379,-0.4982498986224577,-0.48049227542520667,-0.4793199901009001,-0.45088269041452567,-0.446176074293754,-0.4518921110943279,-0.4370400233463809
2017-06-05,-0.001333196595221003,0.012903225806451644,-0.5363308251274965,-0.4978079497573046,-0.5183044520060265,-0.48067825799131536,-0.4532256301253251,-0.4470222125958599,-0.4509252757818933,-0.4381976956943499
2017-06-06,-0.0015403573629081946,0.016985138004246225,-0.46533857575102966,-0.49849484535601873,-0.5193126319602333,-0.48052070809460934,-0.4544088203939371,-0.4399896052011879,-0.4523710231162124,-0.43742774873586315
2017-06-07,0.0005142445747197367,-0.008350730688935253,-0.4644320201183208,-0.5081984933769846,-0.5322755010355856,-0.4800461469128864,-0.45432437539886156,-0.4369752997864828,-0.4556009075566435,-0.43991436604518425
2017-06-08,0.00020559210526315788,-0.021052631578947368,-0.46508873101429316,-0.5091058632565489,-0.5186841693190672,-0.47203392599300287,-0.4513591017728701,-0.431589452445965,-0.45014073856901526,-0.436619149784514
2017-06-09,-0.0008221993833504625,0.008602150537634377,-0.4668123914173083,-0.504629613484368,-0.5203775524181893,-0.4681408585282406,-0.46380225881277665,-0.42885114395751445,-0.4504868939963514,-0.44015043526816094
2017-06-12,-0.0008228759514503189,0.012793176972281481,-0.4768503007969449,-0.5132165410645207,-0.5215453749042437,-0.47213528130255494,-0.4689570494208582,-0.44434794204126404,-0.45262726338918857,-0.44020947355986956
2017-06-13,0.004735433395099856,-0.0378947368421052,-0.4847695050277574,-0.49097470302918056,-0.5240069509480763,-0.4786897233085988,-0.4789448035342733,-0.45348581091565504,-0.4578067402098685,-0.4612331528525094
2017-06-14,-0.001127049180327869,0.004376367614879556,-0.48527005719694216,-0.5098049866471397,-0.5224184921608459,-0.4970515574331283,-0.4830978230907507,-0.4544000539290843,-0.45177639763873584,-0.4605958907199988
2017-06-15,-0.001230895476459124,0.004357298474945596,-0.48161575437528603,-0.5231991733334272,-0.5241762230509845,-0.48826527688805826,-0.48774095296526293,-0.4594983272754564,-0.452752742662212,-0.46436547771046555
2017-06-16,0.0002629146554379676,-0.01735357917570508,-0.4811237857256805,-0.5456866991232207,-0.50926821293619,-0.4872548669948578,-0.4870046091389246,-0.4589565614767968,-0.45203211570235224,-0.45758083787535414
2017-06-19,0.005178878717313771,-0.039735099337748284,-0.5097249764111018,-0.5557029738384056,-0.5154716283468449,-0.5339258555476725,-0.49435593068063727,-0.46709355524973495,-0.4578641447192533,-0.4617719694629941
2017-06-20,-0.0040858018386108275,0.022988505747126436,-0.5302123028931887,-0.4968933442337588,-0.5194094943964639,-0.5372242401917079,-0.4961337089249424,-0.4703342518587668,-0.4530278223822551,-0.4647405010017677
2017-06-21,-0.001641025641025641,0.002247191011235987,-0.5294810331312695,-0.49809215606645374,-0.5309399399018829,-0.5486444609870867,-0.4953173772116086,-0.47017123238148634,-0.4500198226836026,-0.4675066017301666
2017-06-22,-0.0007191288267926854,0.07399103139013447,-0.5230011589861846,-0.4945780622361861,-0.5284906460659994,-0.5330718413239369,-0.48553452710541034,-0.46468380158069467,-0.4445359510372478,-0.4618763114091964
2017-06-23,0.0013364860697028889,-0.008350730688935253,-0.5310026074913007,-0.49558086452300565,-0.5243120868416394,-0.5343232562454958,-0.48202971950721096,-0.4769211279732405,-0.4420018038390496,-0.4620120872771523
2017-06-26,0.0004106776180698152,-0.021052631578947368,-0.5358908477642166,-0.5006805076072959,-0.5296075845383171,-0.533276737360528,-0.48456150749466065,-0.4809432257953068,-0.45576261878929936,-0.46241200990771075
2017-06-27,-0.006362889983579639,0.03440860215053766,-0.5337722389468926,-0.5069116822498324,-0.5148325313022053,-0.536640453318463,-0.49009739487189163,-0.49052208118030816,-0.4658929472885709,-0.4683733993465417
2017-06-28,0.007436480066102045,-0.029106029106029076,-0.5425850912156369,-0.5158576458306937,-0.5343045533800204,-0.5391880924495888,-0.511200740332211,-0.4981316402790929,-0.47113330037985535,-0.4667886170971573
2017-06-29,-0.0075866311256920236,0.029978586723768703,-0.42217621857764653,-0.5201440689888226,-0.5514426887219827,-0.5448488597764916,-0.5062250203682479,-0.5058821849841738,-0.4802865154415984,-0.4714444252176533
2017-06-30,0.00041322314049586776,0.02494802494802486,-0.6902058011791552,-0.519177393621854,-0.5689951163832844,-0.533240860570346,-0.5054716880399213,-0.504707030668637,-0.47917432381875086,-0.4710765363774938
2017-07-03,0.0016522098306484924,0.02028397565922921,-0.6285535722586211,-0.5236705303588832,-0.5659880034272008,-0.5272715295631267,-0.5426621056537416,-0.5024368142500975,-0.47800671981813175,-0.46923025828339954
2017-07-05,0.0012371134020618556,-0.019880715705765408,-0.6022394993053596,-0.5356705685294445,-0.5107416415951413,-0.5270283324336617,-0.5416296079018726,-0.5015012992344878,-0.47823075260566855,-0.462028177438347
2017-07-06,-0.008031301482701812,0.056795131845841874,-0.6755276635234188,-0.5605772242256756,-0.5365887124479534,-0.5578703332696292,-0.5687785180155212,-0.5147431032346858,-0.49215862104488317,-0.47251176905444187
2017-07-07,0.005812746522731991,-0.03454894433781198,-0.7000567811967432,-0.5722083431465999,-0.5492453987732494,-0.5694874205793861,-0.565862643171169,-0.5155550433659883,-0.4961781999569585,-0.47443260112996966
2017-07-10,0.000825593395252838,-0.027833001988071544,-0.7130702130204695,-0.5756588333614967,-0.5484170714936349,-0.5655623384255702,-0.5656729889274513,-0.5118114486662572,-0.5066645278246685,-0.4714526024231826
2017-07-11,0,-0.00817995910020447,-0.7127747598016141,-0.5801883073652184,-0.5530413703030617,-0.5711314304871855,-0.5653471413220055,-0.5143224137341295,-0.5104639692684778,-0.4844291763666681
2017-07-12,0.006393070736234275,-0.0494845360824742,-0.7464575414491021,-0.5890726735578745,-0.5647601861460141,-0.5612319413011125,-0.572464441005118,-0.5234974392523406,-0.5224995973977565,-0.4993302014729638
2017-07-13,0.002254098360655738,-0.039045553145336316,-0.7424844991670547,-0.5899067050278205,-0.5669687682730191,-0.5752055891273444,-0.5726449889594416,-0.5399560737784425,-0.5274797860249317,-0.5014699372743172
2017-07-14,0.004293600490697199,-0.045146726862302484,-0.7698406868612271,-0.5102476147745926,-0.5733263158207854,-0.5896272151775811,-0.5792675565131158,-0.5389674578504349,-0.5362218671175913,-0.5107391804288034
2017-07-17,0.001017915309446254,-0.028368794326241037,-0.7776305271423697,-0.7357798125570061,-0.5736232013110178,-0.606671112740915,-0.5696196266578853,-0.5385204317661474,-0.5358855990908256,-0.5105721694794724
2017-07-18,-0.0003050640634533252,-0.014598540145985436,-0.7719997497021344,-0.7108639998247429,-0.5818873172454474,-0.6059178148869,-0.5667006661430538,-0.5779171613598407,-0.5354084840813309,-0.5111418456945452
2017-07-19,0.005594547858813956,-0.02716049382716053,-0.7715308287570903,-0.706426190368127,-0.5949402459742952,-0.5690579759439514,-0.5690317547356986,-0.5795104360655693,-0.5370202858419172,-0.5137392035545849
2017-07-20,-0.00010115314586283633,0.1649746192893401,-0.5615094614842095,-0.5337233668229864,-0.5296136894650653,-0.509036071186554,-0.5275577762587815,-0.5418105910087953,-0.5022737116153487,-0.480637895867014
2017-07-21,-0.0007081436519979767,-0.008714596949891037,-0.561607467097967,-0.5294530323715019,-0.5278682389595722,-0.5096151318000005,-0.5285224714165668,-0.5331087027631748,-0.4966057850148839,-0.4785079961226161
2017-07-24,-0.00040494027130998176,-0.004395604395604458,-0.5592750002697574,-0.5412560270055607,-0.5311643178448128,-0.5092546899675562,-0.5257702918884958,-0.533316793740192,-0.4936540719229635,-0.48855412523363817
2017-07-25,0.002228073728985214,-0.013245033112582657,-0.5592657641539787,-0.5439746830577639,-0.536757182593109,-0.5146961788355077,-0.5317510667006967,-0.5341354003139853,-0.49690632134603135,-0.4928776715834972
2017-07-26,-0.0003031527890056589,0.008948545861297506,-0.5456676439662014,-0.5497116598669284,-0.5311295240193646,-0.5118708863816436,-0.5135650403419123,-0.531102271038816,-0.4967731479018464,-0.49585803726512334
2017-07-27,-0.0005054078641463662,0.013303769401330408,-0.5473517166876228,-0.5511578186699625,-0.5306084153789156,-0.5129243418886915,-0.5259007674171763,-0.5305974255720918,-0.5108756898902479,-0.49936058439500136
2017-07-28,-0.0007079288025889968,-0.004376367614879712,-0.5456583669277402,-0.5572462014865756,-0.4543518669886393,-0.5102080076195636,-0.5328434581508354,-0.5309743097335573,-0.5049869277626896,-0.5025231627057223
2017-07-31,-0.0009108389839085113,-0.00879120879120876,-0.5436048515283018,-0.559365850878975,-0.5838631815049622,-0.5090474180848767,-0.5459906440007667,-0.5211356772069912,-0.5037220796462295,-0.5015081372046534
2017-08-01,0.0017220421393841167,-0.004434589800443521,-0.52483371153819,-0.5574090018196729,-0.535855661220651,-0.5168773876016682,-0.5471029360445541,-0.5194474656213034,-0.5318049458905312,-0.5018937293723883
2017-08-02,0.0005056122964910507,0.004454342984409863,-0.5192312856915483,-0.5541673342906592,-0.5231658248565022,-0.5247300900490016,-0.5050303797641428,-0.5186650412827569,-0.5308309769713956,-0.5008210310465318
2017-08-03,-0.0007074994946432181,0.0044345898004433644,-0.5218698239033458,-0.5545532779320654,-0.5277067476299084,-0.525266898705842,-0.5061446555649145,-0.5259162187027082,-0.5394875164885247,-0.5006239945242982
2017-08-04,0.00010114291493880854,-0.0044150110375275,-0.5296485357828271,-0.5571877797071942,-0.5258782762337395,-0.5253495369487867,-0.5079684120911215,-0.5281382983628903,-0.5317773658399806,-0.4957892427047911
2017-08-07,0.0022249190938511327,-0.013303769401330408,-0.5310678182638973,-0.5581181208145257,-0.5408756777057129,-0.5302805128921885,-0.5092364373376024,-0.5262362126566729,-0.5331534290004442,-0.4938738206911458
2017-08-08,-0.001917255297679112,0.03595505617977531,-0.5438962393318857,-0.5638831549851302,-0.5487194875676785,-0.538480612313706,-0.5175780649229091,-0.5354556407692265,-0.5360999108470565,-0.4986680740818184
2017-08-09,0.00010110201193003741,0.017353579175704927,-0.5291704801020255,-0.548957210114626,-0.5531956859252002,-0.5324733817123241,-0.5141980634952859,-0.5167487255269801,-0.5328967242152697,-0.49821950140623966
2017-08-10,-0.014355034371209057,0.3240938166311301,-0.7682969134942433,-0.7323803357353411,-0.7152250767008055,-0.6501846125652886,-0.6344733616492709,-0.6301741363033565,-0.6213780478318586,-0.5952380400435128
2017-08-11,0.0010256410256410256,-0.006441223832528157,-0.8033778431911419,-0.7344001350344944,-0.7290549920108735,-0.6471673533832032,-0.6341580899023324,-0.6360443468131796,-0.6222514871768724,-0.6000318030141313
2017-08-14,0.009631147540983606,-0.19286871961102114,-0.8396594993808348,-0.7733616356327399,-0.7700396981536928,-0.7530390975658812,-0.6659748159605059,-0.6746903816554664,-0.6440849566825938,-0.6263240480596554
2017-08-15,0.00010148163182463974,-0.010040160642570281,-0.8421720277618782,-0.7712247947542856,-0.7697453013967532,-0.738108969570138,-0.6719656535216879,-0.6757694794900153,-0.6429621694930889,-0.6449824186369237
2017-08-16,0.0015220700152207,-0.01338742393509121,-0.8423296504308448,-0.7761273722737663,-0.7700253765702475,-0.7360455912301449,-0.6771584419858172,-0.6578468501839881,-0.6428702098206028,-0.6446269849941392
2017-08-17,-0.015400202634245188,0.22738486842105268,-0.8913478490891842,-0.8272053331704912,-0.8196200282534823,-0.7936398239638929,-0.7310232159020624,-0.7167057019468301,-0.6982057186460422,-0.6992945457215224
2017-08-18,-0.0011319201481786376,0.003350083752093731,-0.8946848522016778,-0.8306064331604083,-0.8197369512944616,-0.7924075797528601,-0.7306065498669019,-0.7176186111917245,-0.6995728982085985,-0.6962059414949624
2017-08-21,0.0005150922015040693,-0.056761268781302145,-0.8893708722998928,-0.8255843943861508,-0.815396534684227,-0.7954176505556919,-0.7294155019469816,-0.7143827291071159,-0.6976069782377484,-0.6936737619812207
2017-08-22,0.010193574958813838,-0.08141592920353985,-0.8814542572769222,-0.8270781332405988,-0.8169570070796026,-0.7990418344466532,-0.7383431242680303,-0.7242745156416995,-0.7107309605090146,-0.7012231846375115
2017-08-23,-0.004586688410967281,0.05009633911368018,-0.8819308233242459,-0.8350494404129007,-0.8171752226795861,-0.8025642560584517,-0.7386700393246743,-0.7253904724380168,-0.7074753848640151,-0.7026052310936637
2017-08-24,-0.00030718820397296744,-0.014678899082568754,-0.8793661625386661,-0.8422702265608714,-0.8166681381387874,-0.8014237829349999,-0.7374720812193414,-0.7247474500390455,-0.7136183782100264,-0.7016931125933711
2017-08-25,0.000716992727645191,-0.026070763500931203,-0.8775833073288346,-0.8579777557524741,-0.8168877370927794,-0.8122329349730726,-0.743996370368318,-0.7239835040239998,-0.7171739618489851,-0.7018045517298973
2017-08-28,0.0005117707267144319,-0.0038240917782025956,-0.8778157592213716,-0.8589272218019719,-0.8174778070253629,-0.8155202053440862,-0.8000269882686546,-0.7243392102065813,-0.728322781796749,-0.6995109792683357
2017-08-29,0.001329923273657289,0.01151631477927066,-0.8781355188060013,-0.8606654427178799,-0.8156523449821468,-0.814410550487965,-0.7904841203976938,-0.7291575353323764,-0.7288843469435499,-0.6983732477797576
2017-08-30,0.0035758071107478543,0,-0.8785274468451092,-0.8561753572148993,-0.8150343932319846,-0.8108640506740094,-0.7862703630241917,-0.7310198978240753,-0.7147366608094343,-0.6966610346671037
2017-08-31,0.005802707930367505,-0.04174573055028468,-0.9244378518162587,-0.86468102336531,-0.8171528300678756,-0.8112025680629475,-0.7888678308268525,-0.7332153784846348,-0.7198320498539352,-0.7023850253898342
2017-09-01,0.0017206477732793523,0,-0.9252172212346345,-0.8672879894618971,-0.8204930186488925,-0.8117325042685427,-0.7882965786776825,-0.7331775190998485,-0.720860138496073,-0.7036377306656316
2017-09-05,-0.005860361725775487,0.043564356435643624,-0.9189628319410468,-0.8624526174223779,-0.8183199693500895,-0.810344898608311,-0.7939934840525354,-0.7358637382979171,-0.7218474218914369,-0.7061521534798008
2017-09-06,0.0023376359386116474,0,-0.9171762788836281,-0.8619097419673485,-0.8180447664991299,-0.8092592843500264,-0.7933506982044768,-0.7374382856407691,-0.7240471501791239,-0.7115822490909931
2017-09-07,0.00040559724193875484,-0.02656546489563578,-0.9157853412168847,-0.8611671094544457,-0.8227577756440746,-0.8071293450237335,-0.7941117277335862,-0.7349099554907397,-0.7221154750899751,-0.7050507224882476
2017-09-08,-0.0016217311980539226,0.0350877192982457,-0.9160392513768492,-0.8609729708460439,-0.8306112224059332,-0.8082912064302967,-0.7948474004889045,-0.7354158513115948,-0.723122786235413,-0.7126272613485956
2017-09-11,0.01015228426395939,-0.09039548022598878,-0.9141317572435578,-0.8600978954945138,-0.847616630714496,-0.8144153941648938,-0.8103624677706684,-0.7484934008940618,-0.7311420322892098,-0.7245438072558039
2017-09-12,0.003417085427135678,-0.01656314699792955,-0.9154234724614994,-0.8601940724807543,-0.8476368352284,-0.814840133356103,-0.8124657781430198,-0.8001153995278326,-0.7317424421974307,-0.7346185619818719
2017-09-13,0.00020032051282051281,-0.029473684210526287,-0.9128519121408559,-0.8594651429165339,-0.8475249749251165,-0.8120618597282792,-0.8108635474037924,-0.790813642090462,-0.7351925095387711,-0.7344134620452302
2017-09-14,0,-0.004338394793926309,-0.9124661429919718,-0.8623470832331379,-0.847220695119347,-0.8140137885976129,-0.8105868431935831,-0.7893019228371289,-0.738662397493843,-0.7233508195680739
2017-09-15,-0.0002002803925495694,-0.030501089324618706,-0.9091859230704449,-0.9028527083904923,-0.8501129380755585,-0.812596720863826,-0.8081489552190054,-0.7881703873065632,-0.7369393679903526,-0.7245203028802334
2017-09-18,0.002704326923076923,-0.040449438202247126,-0.9100212628653651,-0.9049458634962487,-0.8531879914393222,-0.8171067162247688,-0.8099259671220642,-0.7888457840388152,-0.7379814671702677,-0.7265383067928719
2017-09-19,0.00079912096693637,0.014051522248243426,-0.9095216521203261,-0.9047930447777861,-0.8536645563660248,-0.8165100785528269,-0.8094271997388082,-0.7944142474041572,-0.7397081471167257,-0.7263717849607791
2017-09-20,0.00019962072063080147,-0.034642032332563515,-0.9058411525607512,-0.9021501632565188,-0.851286675427102,-0.814885688660707,-0.8071061567126355,-0.7925214373627819,-0.7397494252733714,-0.7272072454801148
2017-09-21,-0.0016964374812892926,0.17942583732057418,-0.8720928810994283,-0.8676954553176878,-0.8266511535242328,-0.7951701636235678,-0.7817082674191048,-0.7705452777889092,-0.7206857471521261,-0.7088659633893905
2017-09-22,-0.0005997600959616154,0.0081135902636918,-0.8274492645983377,-0.8674631779307356,-0.8257682278219265,-0.8009329539347523,-0.7822166587337992,-0.7705660156572043,-0.7204095734697188,-0.7091335635797235
2017-09-25,-0.0010002000400080016,-0.0040241448692153485,-0.8255421466983213,-0.867000974008298,-0.8223528948530775,-0.8120810919464955,-0.7817775822352256,-0.7781378181543409,-0.7242352525160176,-0.7080153059714133
2017-09-26,-0.0006007208650380457,-0.008080808080808051,-0.7985883346654844,-0.8676683543553392,-0.8213427296201868,-0.8113485663681227,-0.781433580182031,-0.7796384409319973,-0.7693110851364883,-0.707673186666744
2017-09-27,0.0036064916850330597,-0.0081466395112016,-0.7963851403040899,-0.8652358963921603,-0.8208994676679883,-0.8114657865456875,-0.7789336514159991,-0.7781468302275594,-0.7598321414926634,-0.7115307136359421
2017-09-28,0.0012976642044320223,-0.02053388090349076,-0.7959996083676675,-0.865318610132351,-0.8240437128605943,-0.8114938722627483,-0.7812322082630365,-0.7782323164007448,-0.7585344995814267,-0.7150657838856649
2017-09-29,0.0032898016149935203,-0.020964360587002094,-0.6308755987766625,-0.8655739584231757,-0.8589509561953983,-0.8173859518429092,-0.7828519157724858,-0.7784433917518316,-0.760123016852807,-0.7158822672122764
2017-10-02,0.004073926868044515,-0.02569593147751612,-0.6331007302088587,-0.8652759749138637,-0.8596935189151248,-0.8188082362278275,-0.7854944204019636,-0.7794494678679196,-0.7602280210195456,-0.7165696319617445
2017-10-03,0.0025729836714497773,0,-0.6522178739491962,-0.8637729134469435,-0.858870604418489,-0.8184842176139522,-0.7843205021692248,-0.7784820572881929,-0.7646128950786425,-0.7179960639225275
2017-10-04,0.0013818971473694602,-0.004395604395604458,-0.6045127098735429,-0.8631910305402729,-0.8588566081298478,-0.8192237371790102,-0.7851679125011086,-0.7784116225064751,-0.7649587087511079,-0.7199749196152525
2017-10-05,0.005421389847215377,-0.04415011037527594,-0.5895144263772565,-0.8632610995384445,-0.8589584920813707,-0.8197063453713701,-0.7913042910014654,-0.7787442601400882,-0.768246468440212,-0.7205917137109326
2017-10-06,-0.00196078431372549,0,-0.5893397528223665,-0.813214314995836,-0.8557428113715574,-0.816202966623435,-0.7943563932567355,-0.7773634221620886,-0.7665002472755215,-0.7188663762652429
2017-10-09,-0.0004911591355599214,0.027713625866050876,-0.6025272764456079,-0.8138202786935099,-0.8571914026191569,-0.8149006156495802,-0.8060925573632705,-0.7781728456175636,-0.7746886325586759,-0.7226755968765243
2017-10-10,0.0018673218673218672,-0.017977528089887576,-0.6037200725762434,-0.7934112221786572,-0.8596644291640417,-0.8158740555795521,-0.8067115822854662,-0.7791697492410714,-0.7771080895261113,-0.7674481633377536
2017-10-11,0.0017657445556209534,-0.013729977116704838,-0.6051868694861056,-0.7949543349653084,-0.8599598440402122,-0.8178369854909918,-0.8086483467994736,-0.77837881327658,-0.777347597678399,-0.759828813177698
2017-10-12,-0.0013709361535448493,-0.018561484918793603,-0.5964106300168271,-0.7867003040402207,-0.8550426694769129,-0.8157421246499721,-0.8046991889638752,-0.7769089151227466,-0.7741034229080684,-0.7553951149710934
2017-10-13,0.0012747597568150619,-0.028368794326241037,-0.5820454478696255,-0.624781275664877,-0.8551696232309036,-0.8489505020200009,-0.8092227700348784,-0.7780146711896881,-0.7740588714945814,-0.7564622955358841
2017-10-16,0.0013710704142591323,0,-0.5830328887227996,-0.6240598380138322,-0.8553306322305664,-0.8502220648444728,-0.8107531300547235,-0.7802716559868406,-0.7748010721882731,-0.7561893863864881
2017-10-17,0.000293398533007335,0.009732360097323567,-0.5608191826340433,-0.6449622853428348,-0.85537276010411,-0.8509814022183672,-0.8117095637630253,-0.7802239711475067,-0.7748662889474605,-0.7614799684999005
2017-10-18,0.0011732499022291747,-0.007228915662650534,-0.5653359490605699,-0.6004044969407516,-0.8546741975781489,-0.8510869683304224,-0.8123912830304578,-0.7810677420050018,-0.7748129530932544,-0.7618528776119035
2017-10-19,0.0001953125,0.11407766990291252,-0.5442729187654348,-0.5378631628284095,-0.838208523905616,-0.834198873450002,-0.7987040683792375,-0.7724732766766181,-0.7607267908625388,-0.7508810816502814
2017-10-20,0.005272407732864675,-0.013071895424836633,-0.5183557908308497,-0.5373094717345607,-0.7744860558686255,-0.829039334189692,-0.7938544192865143,-0.7739269690807222,-0.7582715399900779,-0.7482821154546424
2017-10-23,-0.004079254079254079,0.03973509933774844,-0.43844689219498156,-0.5583991371920128,-0.7763998553960682,-0.8296564354905255,-0.7915248439787019,-0.7850144215251522,-0.759619173780635,-0.7563911923864689
2017-10-24,0.001462843768285547,0.012738853503184744,-0.4311904057857707,-0.5576660345626742,-0.7481632106200943,-0.8310347646784825,-0.7914299571169124,-0.7845947005252664,-0.759613661705549,-0.7574715029767476
2017-10-25,-0.0034083162917518746,0.008385744234800808,-0.42467029869923056,-0.5492638689608862,-0.743294665947875,-0.8257408863236333,-0.7880419397009856,-0.7821479968535779,-0.7552085373077607,-0.7547073471021886
2017-10-26,0.001172562048075044,0.004158004158004069,-0.42744974347507564,-0.5550620188735996,-0.7427987089736728,-0.8255720282271004,-0.7898001173743721,-0.7820441287745005,-0.7569234528153765,-0.7544557112075393
2017-10-27,0.006636736287331642,-0.053830227743271106,-0.49143967527268484,-0.5641124070081787,-0.6028892434298866,-0.8270700565512257,-0.8205223937740432,-0.7875726020597781,-0.7605224261465141,-0.7567511151737536
2017-10-30,-0.003975179367849525,0.013129102844638824,-0.4644683543695858,-0.5579729624612786,-0.6000614592158722,-0.8218745913370987,-0.8169967143017591,-0.7837264451082844,-0.7591515594474869,-0.7547450347919061
2017-10-31,0.0017521658717025211,-0.02591792656587464,-0.46785618122282896,-0.5421646980182387,-0.6152619536302891,-0.8219204330717467,-0.8179896922371327,-0.7847852193060935,-0.759302475312185,-0.7550870861080079
2017-11-01,0.0007773782917112039,0.008869179600886887,-0.48217765585268973,-0.5445246148023136,-0.5749815459417843,-0.8210136029625776,-0.81775828518539,-0.7853440163514585,-0.7599764361223091,-0.7548694632291602
2017-11-02,0.0007767744441207885,-0.02197802197802198,-0.5190113872161302,-0.5478072055088391,-0.5520644305864156,-0.8202850599554059,-0.8171980098308068,-0.783840846126327,-0.7631907364258391,-0.7533076907813762
2017-11-03,0.0023285146017269815,-0.013483146067415762,-0.5180678294961057,-0.5383221554819009,-0.5577705077654312,-0.7663722843534514,-0.8171530593832147,-0.7834754124493556,-0.7675396943733965,-0.7539326726879257
2017-11-06,0.002323105217307134,-0.022779043280182234,-0.5288980645450878,-0.45861328844502186,-0.5634359437009384,-0.7668367238410162,-0.8187118652026922,-0.7822050211162854,-0.7774057718455994,-0.7549566452447902
2017-11-07,-0.0007725736359246741,0.013986013986014019,-0.5442203467664517,-0.45936716086701734,-0.5660667944357272,-0.7426516321761679,-0.8207155762353698,-0.7828373986157211,-0.7778417637805033,-0.7557757979742723
2017-11-08,0.0016429883057891177,0,-0.5467566693848425,-0.4676080749832122,-0.5668680659397459,-0.7433424387309591,-0.8205541204569091,-0.7841877755059508,-0.7792207282020497,-0.7543813437965387
2017-11-09,-0.002701659590891548,0.022988505747126436,-0.5639960602179227,-0.47614785339782056,-0.577548427915207,-0.7436985976974392,-0.8197514941014464,-0.7851529515512902,-0.7789111263800294,-0.755866737280368
2017-11-10,-0.001741486068111455,0.04269662921348311,-0.5755745404806178,-0.5042021248043016,-0.5747315579981408,-0.6120725646943102,-0.8211870371976419,-0.8154739164874446,-0.7832682658039751,-0.7581006620849983
2017-11-13,0.0009691800736576856,0.002155172413793134,-0.5607991948066963,-0.49397214921586763,-0.5753320590216494,-0.6127420492510525,-0.8215058205563457,-0.8168770603164386,-0.7840459564316136,-0.760116415094486
2017-11-14,-0.001549186676994578,0.0365591397849463,-0.5786508087573338,-0.5046469750446709,-0.5695016615193856,-0.632048268700625,-0.8221151859924933,-0.8183514650586874,-0.7857431549162688,-0.760840095589925
2017-11-15,-0.00504266873545384,0.08298755186721991,-0.643634215656215,-0.5662036176080009,-0.608806099643358,-0.6245161025443434,-0.8255708986490928,-0.8224832214433122,-0.7910173043285297,-0.7663328649292589
2017-11-16,0.007797270955165692,-0.028735632183908046,-0.617611523292307,-0.6442684429721418,-0.6089521767608509,-0.607908996330611,-0.8183046900063368,-0.8152308837838489,-0.7836790103470701,-0.7655954976088619
2017-11-17,-0.0033849129593810446,-0.003944773175542462,-0.5984206065530735,-0.6201717989746508,-0.5869421951235889,-0.5988100361822293,-0.7644516563922524,-0.8085276779271088,-0.7768923674126299,-0.763921071841079
2017-11-20,0.0022319262493934984,-0.043564356435643624,-0.6015461097216256,-0.6259237360769251,-0.5295937219703448,-0.6028504120857661,-0.7645134426834272,-0.8098172791224255,-0.7754588122659327,-0.772590840764375
2017-11-21,0.005518977536793183,-0.03726708074534156,-0.6210363631756473,-0.6469706692102384,-0.5395393765448653,-0.6107148148540045,-0.7452640872849509,-0.8116578548470175,-0.7764199893475437,-0.7733770352073186
2017-11-22,-0.0006740491092922485,-0.012903225806451644,-0.6088836879457084,-0.6401796076722968,-0.5403230018869316,-0.6071988723010561,-0.7434821799772351,-0.8098838061994115,-0.7760316053623352,-0.7733246765001621
2017-11-24,0.002505299672383889,-0.004357298474945441,-0.6303933247930407,-0.6403003738406585,-0.5409941210385406,-0.6108569610598209,-0.7426648932800853,-0.8092953308559787,-0.7768420341556942,-0.7728808024219543
2017-11-27,0.0002883506343713956,-0.008752735229759424,-0.6307244805588312,-0.6335087340702906,-0.5498075243764028,-0.6004848595357882,-0.6291400116429233,-0.8093286922795134,-0.8042513905155316,-0.7747590972986739
2017-11-28,0.009320649562794273,-0.0044150110375275,-0.5811984933134812,-0.5764064938170925,-0.5063577014464951,-0.5675259435062016,-0.6008509396901764,-0.7893074503097977,-0.7851300719373053,-0.7568364593042786
2017-11-29,-0.0003808073115003808,0.017738359201773773,-0.5828644762846796,-0.580462778391061,-0.508366615959948,-0.5556686156712743,-0.614671673687663,-0.7893210617663036,-0.7860376022068959,-0.7579478199518396
2017-11-30,0.008761904761904762,0.017429193899782227,-0.5118865799818972,-0.5087370235319802,-0.4666043397466809,-0.5081772443727745,-0.5390947671395016,-0.7637679841038025,-0.7611919713849817,-0.7362473954111661
2017-12-01,-0.0015105740181268882,0.017130620985010645,-0.6071630263335845,-0.4885809270249851,-0.5162513979806078,-0.5156445849324033,-0.5253454322490978,-0.7635841273445948,-0.761179385291252,-0.7340641447863838
2017-12-04,-0.002174735249621785,0.0042105263157895334,-0.5980535815684015,-0.49091823119674516,-0.5126381279816825,-0.5065191164149605,-0.527010124335819,-0.7062699357120082,-0.7590825560599339,-0.7317984587271759
2017-12-05,-0.003790391357907704,-0.0041928721174004785,-0.5476837869528816,-0.46842354699703775,-0.5007491140356441,-0.4328753418680017,-0.5191534553135942,-0.6988438915917747,-0.7533170561240797,-0.7232565099035586
2017-12-06,0.00038048130885570247,-0.01263157894736845,-0.5485337352934321,-0.4634282751882774,-0.5022573788175045,-0.42809462240100443,-0.5179643633554284,-0.6745964089987306,-0.7544658892431284,-0.7233761943372935
2017-12-07,0.003898450128363602,-0.046908315565031895,-0.561942727264243,-0.47801951869948955,-0.5130747766530491,-0.4455602540694042,-0.5258242667897626,-0.6787763317407759,-0.756283218493722,-0.7267069347807895
2017-12-08,0.0043568857738207995,-0.02684563758389268,-0.5736696464664762,-0.5048184736397964,-0.5225722558958095,-0.4534830111593647,-0.532788527619386,-0.6803464841269639,-0.7567280428637791,-0.7276224591560748
2017-12-11,0.003960769520935496,-0.05057471264367823,-0.5460475343853671,-0.521423084385084,-0.5289521946103554,-0.47304027587870195,-0.5300998127860559,-0.5659961647023158,-0.7589054955043886,-0.7543791616791334
2017-12-12,0.0013150479053165509,0.004842615012106606,-0.5388510167649472,-0.5210425660467194,-0.5216771866338492,-0.46883639607883587,-0.5300758873658118,-0.5658135042296739,-0.7590750974833915,-0.7554452323573736
2017-12-13,0.0005628517823639775,0.01445783132530124,-0.5412638083669902,-0.5205406302520386,-0.5232714979683653,-0.4692429722807301,-0.5151775363639016,-0.5771256408004116,-0.7588245136021335,-0.7560003374395802
2017-12-14,-0.004969060566285393,-0.014251781472684119,-0.49050585045911727,-0.4822059968063069,-0.4902567651714562,-0.4496944667886461,-0.49350988792677414,-0.5244615641979398,-0.7448555817172682,-0.743353958288352
2017-12-15,0.0050880995006124564,-0.043373493975903545,-0.5208652646670376,-0.5779161636562685,-0.48843656486950765,-0.5101497761148323,-0.5068038172960081,-0.5176345427490686,-0.7465777509598309,-0.7451359858034848
2017-12-18,0.010405924814849535,-0.0050377833753149324,-0.478598265358822,-0.5391990936926678,-0.4626287955260286,-0.478752396325668,-0.4748663248256333,-0.4965266929518639,-0.6701473654718765,-0.7255526229668225
2017-12-19,-0.0038968268695490815,0.020253164556961953,-0.4928322503833682,-0.5266119033618267,-0.46773077696659965,-0.4893760186160059,-0.4288370619298199,-0.5029389685526446,-0.6703071220257352,-0.7251715675540913
2017-12-20,-0.0009314456035767511,-0.04714640198511163,-0.44160324474301477,-0.49242913909121566,-0.43948106966075756,-0.46598625503526364,-0.4097837559036667,-0.4875419154522921,-0.6384860717958666,-0.7196583614399338
2017-12-21,0.002330785008390826,0.16927083333333334,-0.26880870146872143,-0.31534873947409137,-0.3153470365118044,-0.3463116576778047,-0.3363619177913858,-0.41238531961716385,-0.575802799264232,-0.6780276225745918
2017-12-22,-0.0006511022230490187,0.017817371937639295,-0.2623898880145292,-0.31935321857129095,-0.32715560088687284,-0.3496709899448818,-0.33926204399319376,-0.41576290879902494,-0.5764104830564845,-0.6783179426717666
2017-12-26,0.00037230081906180194,-0.008752735229759424,-0.242087444636318,-0.282502979286923,-0.32675504320198595,-0.3446000743260588,-0.34432642019285215,-0.405000068499599,-0.44857026841576414,-0.6782824348941106
2017-12-27,-0.0005582433941198362,0,-0.241111309856416,-0.27713177436440806,-0.32544936907147193,-0.3371181435589504,-0.3392081846990077,-0.4046422945779413,-0.4483777369172063,-0.678116330453774
2017-12-28,0.0000930925339787749,-0.008830022075055156,-0.2226656201377661,-0.2737044834731228,-0.3230579472710548,-0.33609330613670757,-0.337804125999327,-0.38862773997403705,-0.45499843060898676,-0.6773135619479116
2017-12-29,-0.0036302708740575257,0.022271714922048998,-0.1516004126428217,-0.28474089158607074,-0.3296542978264468,-0.3429850570899504,-0.3476642549911058,-0.39368024655890455,-0.42527531828278226,-0.6754471772267532
2018-01-02,0.006352765321375187,-0.05228758169934638,-0.16861959425118436,-0.3207275639197359,-0.3758659060005813,-0.35028768657655646,-0.3727298528510517,-0.4111272177081256,-0.4245862826405754,-0.6786566427063048
2018-01-03,0.006683995544002971,-0.018390804597701083,-0.1822653435810633,-0.32683165444841117,-0.3786725289729896,-0.35792157716835354,-0.37520867085071774,-0.4067809493154372,-0.4277261363813828,-0.6085921556221359
2018-01-04,0.004703061600885282,-0.009367681498829172,-0.18280007871047488,-0.3265745168904232,-0.3602245791688844,-0.35568802592786,-0.377273475505439,-0.3606531207159191,-0.42926768567805074,-0.607185558868348
2018-01-05,0.006883891693437357,-0.009456264775413678,-0.16260426283932117,-0.32399289850683755,-0.3595697894358222,-0.35407669872351916,-0.3775851468591061,-0.356480579934224,-0.4265451456098351,-0.5758102422074061
2018-01-08,0.0015496809480401094,0,-0.1697148098965801,-0.32400216129294207,-0.3581449941751327,-0.3536130995906483,-0.3770308346559847,-0.3606067820492323,-0.42680846772541825,-0.5766017950494775
2018-01-09,0.0020023664330572496,0.019093078758949982,-0.16818397789055017,-0.31141742142761797,-0.35497322766761713,-0.35957878934484905,-0.3752965206098079,-0.3592371310039623,-0.42618211180284427,-0.5748067497193422
2018-01-10,-0.0006358434008538468,-0.009367681498829172,-0.16576401760067574,-0.29056060562732994,-0.3242787596791606,-0.35794799884745526,-0.3694257654920347,-0.36270319615525065,-0.4153643672026188,-0.45388402893043156
2018-01-11,0.006907834939101982,-0.009456264775413678,-0.17524891894980205,-0.29055618776570663,-0.3195506817508934,-0.358043292635228,-0.36313036982738134,-0.3585641866325469,-0.4128521972386935,-0.45067128781988186
2018-01-12,0.006950713125112837,0.009546539379474906,-0.14981502899017,-0.25961316352925456,-0.3051970398288771,-0.3448708699478718,-0.350411384856901,-0.3471266258739838,-0.38696574518812665,-0.44764767437653125
2018-01-16,-0.0022411474675033617,0.11347517730496465,-0.2530352740645173,-0.23524627570062348,-0.33269609690256174,-0.3644242543776721,-0.367555873827282,-0.36944893884513824,-0.400595868724542,-0.42747582978718335
2018-01-17,0.0076370170709793355,0.014861995753715407,-0.22131254840034947,-0.1969982231970616,-0.31816619146990477,-0.3576861310269786,-0.338047461036197,-0.3533445846131254,-0.3887251747196694,-0.4001894586546605
2018-01-18,-0.0026749888542131075,0.010460251046025106,-0.22597923729116945,-0.20921131433059487,-0.318051596743755,-0.35529706198704963,-0.34127872303736934,-0.3536131337056256,-0.38382429164833753,-0.4030877521468387
2018-01-19,0.005274921770227984,-0.012422360248447088,-0.24647165763047896,-0.21596326462817256,-0.32129641017636007,-0.3422201642841958,-0.34076345878554914,-0.35769326410713376,-0.34400087555573156,-0.40610121365481
2018-01-22,0.008626823194592672,-0.008385744234800957,-0.25411332626368427,-0.20260203636441515,-0.3194054892832562,-0.3404500864550091,-0.3390988732032528,-0.3574352281987714,-0.3390038064708632,-0.4022302399156427
2018-01-23,0.0014989859800723041,0.012684989429175507,-0.24821333990339575,-0.21197134650116556,-0.3196864900150245,-0.3406462834468166,-0.33899609997012375,-0.3564300966412535,-0.34322990502127376,-0.4020511516458492
2018-01-24,0.0005282620179609086,0.020876826722338204,-0.24408906112514722,-0.21582060353942337,-0.3147181718974419,-0.34222411546237336,-0.3486867018096902,-0.3589667790266442,-0.3451238367504271,-0.4035018744254596
2018-01-25,0.00008799718409010911,0.016359918200409086,-0.236077845309445,-0.22372590700426603,-0.3038480207198674,-0.3225105221707703,-0.3527172673491949,-0.3579847793190252,-0.3523286870148447,-0.39644686389895445
2018-01-26,0.011702595688517378,-0.008048289738430697,-0.24299328557919053,-0.22532418621345177,-0.2998001844070828,-0.31518174909888436,-0.3470836530566496,-0.34630940725247983,-0.3429539393754236,-0.3866276306033586
2018-01-29,-0.007305618368411898,0.0973630831643003,-0.3464880108589275,-0.3155753093810015,-0.36024920754235423,-0.37955340559894274,-0.39619643712124947,-0.3941775540970507,-0.3834282539869352,-0.4106762609664643
2018-01-30,-0.010863851410548448,0.049907578558225425,-0.4170892905289364,-0.37314455330597013,-0.3548088915308843,-0.40565471595839486,-0.41688516538530174,-0.4150078943929554,-0.40482971399033996,-0.425200449395786
